LISTADO GENERAL DE PRECIOS,C/U,GANA,V/U
BATIDORAS,$,$,$
ENGRANAJE  BATIDORA B&D MX45,"1,02","0,71","1,73"
ENGRANAJE  BATIDORA B&D /OSTER 2602,"1,02","0,71","1,73"
ENGRANAJE BATIDORA OSTER 2171,"1,02","0,71","1,73"
ENGRANAJE OSTER 2602/3170,"1,02","0,71","1,73"
ENGRANAJE OSTER DE METAL NACIONAL  79-B,"1,35","0,95","2,30"
ENGRANAJE OSTER 4450  ESTRIADO,"5,50","3,85","9,35"
ENGRANAJE SIN FIN ESTRIADO  ORIGINAL,"3,75","2,63","6,38"
ENGRANAJE SIN FIN LISO ORIGINAL,"3,75","2,63","6,38"
ENGRANAJE SIN FIN 2600  ROJO + BLANCO PAR  35-F,"4,49","3,14","7,63"
BOMBAS DE AGUA,,,
BOMBA DE AGUA  EXCELINE  GBP-060  1/2 HP  110V    IRB166802   2 A헲S DE GARANTIA,"73,00","51,10","124,10"
CAPACITOR DE MARCHA  16 MFD,"1,45","1,02","2,47"
CAPACITOR DE MARCHA  20 MFD,"1,65","1,16","2,81"
CAPACITOR DE MARCHA  22 MFD,"1,75","1,23","2,98"
CAPACITOR DE MARCHA  30 MFD,"2,15","1,51","3,66"
CAPACITOR DE MARCHA  35 MFD,"2,45","1,72","4,17"
CAPACITOR DE MARCHA  40 MFD,"2,60","1,82","4,42"
CAPACITOR DE MARCHA  45 MFD,"2,99","2,09","5,08"
CAPACITOR DE MARCHA  50 MFD,"3,81","2,67","6,48"
CAPACITOR DE MARCHA  60 MFD,"4,00","2,80","6,80"
CAPACITOR DE MARCHA  70 MFD,"4,40","3,08","7,48"
CAPACITOR DE MARCHA  80 MFD,"5,00","3,50","8,50"
CAPACITOR DE MARCHA  100 MFD,"5,40","3,78","9,18"
CAPACITOR DE MARCHA  120 MFD,"5,60","3,92","9,52"
CAFETERAS,,,
ASA  DE 1    TAZA,"1,01","0,71","1,72"
"ASA  DE 3    TAZA   7,2 CM 61-K","1,12","0,78","1,90"
"ASA  DE 6    TAZA  9,6 CM  76-F","1,23","0,86","2,09"
ASA  DE 9  Y 12   TAZAS    93-H,"1,23","0,86","2,09"
EMBUDO DE 1 TAZA,"2,36","1,65","4,01"
EMBUDO DE 3 TAZA  18-E,"2,36","1,65","4,01"
EMBUDO DE 6 TAZA  C30-E,"2,36","1,65","4,01"
EMBUDO DE 9 TAZA  C07-C ,"2,36","1,65","4,01"
EMBUDO DE 12 TAZA  C-36,"2,36","1,65","4,01"
EMPACADURA DE 1 TAZA,"0,30","0,21","0,51"
EMPACADURA DE 3 TAZA,"0,45","0,32","0,77"
EMPACADURA DE 6 TAZA,"0,50","0,35","0,85"
EMPACADURA DE 9 TAZA,"0,68","0,48","1,16"
EMPACADURA DE 12 TAZA,"0,89","0,62","1,51"
DIODO TERMICO 250 C  110VAC 20 AMP  ,"1,20","0,84","2,04"
DIODO TERMICO CON TERMINALES  240 C  110VAC 10 AMP  ,"1,00","0,70","1,70"
DIODO TERMICO  REDONDO  112C  10 AMP  250V  ,"1,50","1,05","2,55"
DIODO TERMICO  REDONDO  112C  5 AMP  250V  ,"1,50","1,05","2,55"
DIODO TERMICO  REDONDO  180C  10 AMP  250V  ,"1,50","1,05","2,55"
FILTRO DE 1 TAZA,"0,40","0,28","0,68"
FILTRO DE 3 TAZA,"0,50","0,35","0,85"
FILTRO DE 6 TAZA,"0,60","0,42","1,02"
FILTRO DE 9 TAZA,"0,70","0,49","1,19"
FILTRO DE 12 TAZA,"0,80","0,56","1,36"
FILTRO UNIVERSAL  PARA  CAFETERA ELECTRICA  ,"2,45","1,72","4,17"
MANGUERA ROJA DE SILICON,"2,42","1,69","4,11"
PERILLA CAFETERA GRECA  C/T,"0,77","0,54","1,31"
SWICHT  REDONDO ROJO  ,"1,34","0,94","2,28"
CALENTADOR  DE AGUA  ,,,
RESISTENCIAS ROSCABLE  PARA CALENTASOR  DE AGUA DE 1000 WATTS  ,"7,74","5,42","13,16"
THERMOSTATO  PARA CALENTADOR DE AGUA  MARCA RECORD R-TEMCA-1   AR  COMPONENTS,"4,00","2,80","6,80"
COCINA,,,
BUJIA  COC  CPTA  UNIVERSAL  LARGA  16010,"1,35","0,95","2,30"
BUJIA COC  16026,"1,35","0,95","2,30"
BUJIA COC 16028,"1,35","0,95","2,30"
BUJIA COC 16033,"1,35","0,95","2,30"
BUJIA COC CPTA MABE  (3) 16022,"1,35","0,95","2,30"
BUJIA COC CPTA MABE 16020,"1,35","0,95","2,30"
BUJIA COC CTA SUECCO 16025,"1,35","0,95","2,30"
BUJIA COC MABE (7)  16034,"1,35","0,95","2,30"
BUJIA COC CPTA MABE GORDA 16018,"1,35","0,95","2,30"
BUJIA COCINA CPTA UNIVERSAL  CORTA  16012,"1,35","0,95","2,30"
BUJIA COCINA CPTA WHIRPOOL  GORDA 16015,"1,35","0,95","2,30"
BUJIA COCINA CPTA ZANUSSI 16016,"1,35","0,95","2,30"
BUJIA COCINA CPTA SUECO 16013,"1,35","0,95","2,30"
COCINA ELECTRICA DE 2 HORNILLAS  110V  ,"17,00","11,90","28,90"
COCINA ELECTRICA 2 HORNILLAS CARACOL ASTOR 2 ,"13,00","9,10","22,10"
COCINA ELECTRICA DE 1 HORNILLAS,"8,00","5,60","13,60"
COCINA ELECTRICA DE 1 HORNILLAS AR COMPONENTS,"9,00","6,30","15,30"
COPA CONFRIG  1/2  X  3/8  CACHIMBO  49-E,"1,80","1,26","3,06"
COPA CONFRIG  3/8  X  3/8   CACHIMBO  106-1,"1,80","1,26","3,06"
ESPREA  ANGOSTA,"0,69","0,48","1,17"
ESPREA  GRUESA,"0,69","0,48","1,17"
ESPREA  PEQUE헤,"0,69","0,48","1,17"
FLAUTA  DE COCINA  # 1,"6,00","4,20","10,20"
FLAUTA  DE COCINA  # 2,"7,00","4,90","11,90"
FLAUTA  DE COCINA  # 3,"8,00","5,60","13,60"
FLAUTA  DE COCINA  # 4,"9,00","6,30","15,30"
FLAUTA  DE COCINA  # 5,"10,00","7,00","17,00"
GRANELES BOQUILLAS PARA VALVULA,"0,85","0,60","1,45"
LLAVE DE PASO DE GAS DE COCINA CON TUBERIA Y CABLE CHISPA,"4,00","2,80","6,80"
MANGUERA PARA COCINA DE GAS X 1MTS,"1,20","0,84","2,04"
(Y)  YE  PLASTICAS  PARA COCINAS DE GAS,"1,50","1,05","2,55"
PERILLA COCINA GAS #1 NEGRA  12001,"1,50","1,05","2,55"
PERILLA COCINA GAS #5  CONDESA INY 12005,"1,50","1,05","2,55"
PERILLA COCINA GAS #6  REDONDA NEGRA  120070,"1,50","1,05","2,55"
PERILLA COCINA GAS #7  NEGRA  12008,"1,50","1,05","2,55"
PERILLA COCINA GAS #11 ELECT INSA TERMI PEQUE헤 12018,"1,50","1,05","2,55"
PERILLA COCINA GAS #19 ELECT TAPPAN HORNILLA 12023,"1,50","1,05","2,55"
PERILLA COCINA ALUMINIO NATURAL PEQUE헤,"1,50","1,05","2,55"
PERILLA COCINA GAS #19 TAPPAN HORNILLA  10022,"1,50","1,05","2,55"
PERILLA COCINA GAS  DIXIE CORTO 12009,"1,50","1,05","2,55"
PERILLA COCINA GAS DIXIE LARGO   12010,"1,50","1,05","2,55"
PERILLA DE COCINA VAQUELITA,"1,50","1,05","2,55"
PERILLA COC GAS MABE 3CM CROMADA,"1,50","1,05","2,55"
PERILLA COC GAS MABE 6CM CROMADA,"1,50","1,05","2,55"
PERILLA COC GAS REGINA  MDO  NVO 12037,"1,50","1,05","2,55"
PERILLA COC GAS TIBURON/V  NEGRA,"1,50","1,05","2,55"
PERILLA COC GAS  WHIRPOOL  BLANCA,"1,50","1,05","2,55"
PERILLA COC GAS MABE  ALUMINIO  C/MEDIANO  1 CM,"1,50","1,05","2,55"
PERILLA COC GAS MABE  ALUMINIO  C/MEDIANO  4 CM,"1,50","1,05","2,55"
PERILLA COC GAS MABE ALUMINIO C/PLANA,"1,50","1,05","2,55"
PERILLA COC GAS MABE  BEIGE 2 CM ,"1,50","1,05","2,55"
"PERILLA COC GAS MABE  BEIGE 3,3 CM ","1,50","1,05","2,55"
PERILLA COC GAS MABE BEIGE CUELLO  MEDIANO No. 25M,"1,50","1,05","2,55"
PERILLA COC GAS MABE BEIGE PLANA,"1,50","1,05","2,55"
PERILLA COC GAS MABE BEIGE R21,"1,50","1,05","2,55"
PERILLA COC GAS MABE BLANCA  4CM,"1,50","1,05","2,55"
PERILLA COC GAS MABE BLANCA/GRIS  4 CM,"1,50","1,05","2,55"
PERILLA COC GAS MABE GRIS  4 CM,"1,50","1,05","2,55"
"PERILLA COC GAS MABE GRIS 3,3 CM ","1,50","1,05","2,55"
PERILLA COC GAS MABE GRIS PLANA,"1,50","1,05","2,55"
PERILLA COC GAS MABE NEGRA R21,"1,50","1,05","2,55"
PERILLA COC GAS MABE NEGRA  2CM,"1,50","1,05","2,55"
"PERILLA COC GAS MABE NEGRA  3,3 CM","1,50","1,05","2,55"
PERILLA COC GAS MABE NEGRA  4 CM,"1,50","1,05","2,55"
PERILLA COC GAS MABE NEGRA CUELLO CORTO 25C,"1,50","1,05","2,55"
PERILLA COC GAS MABE NEGRA CUELO LARGO  25L,"1,50","1,05","2,55"
PERILLA COC GAS MABE NEGRA  CUELLO MEDIANO No. 25M,"1,50","1,05","2,55"
PERILLA COC GAS MABE NEGRA PLANA,"1,50","1,05","2,55"
"PLATO GRANDE DE 8""","3,60","2,52","6,12"
"PLATO PEQUE헲 DE 6""","3,20","2,24","5,44"
QUEMADOR MABE  PEQUE헲,"2,70","1,89","4,59"
QUEMADOR UNIVERSAL  DE REBERBERO,"2,70","1,89","4,59"
QUEMADOR DE AREPA  HUECOS PEQUE헲S,"2,70","1,89","4,59"
QUEMADOR DE AREPA  HUECOS GRANDES,"2,70","1,89","4,59"
QUEMADOR  KILYA,"2,70","1,89","4,59"
QUEMADOR PARA HORNO,"4,80","3,36","8,16"
QUEMADOR SUPER REVERVERO  CON VALVULA,"15,00","10,50","25,50"
QUEMADOR PEQUE헲   CON VALVULA,"12,00","8,40","20,40"
QUEMADO # 18008 PEQUE헲 TIPO ZANUSSI,"2,70","1,89","4,59"
QUEMADOR # 18018  OVALADO  MABE CON TUBO,"2,70","1,89","4,59"
QUEMADOR # 18033 GRANDE 3 PATA T-FRIGILUX ,"2,70","1,89","4,59"
QUEMADOR # 18034 GRANDE 3 FRANJA  T-PREMIER/CHALLENGER,"2,70","1,89","4,59"
QUEMADOR # 18034 MEDIANO FRANJA T-PREMIER/CHALLENGER,"2,70","1,89","4,59"
QUEMADOR # 18037 PEQUE헲,"2,70","1,89","4,59"
QUEMADOR # 18002 PEQUE헲 C/CORONA  S/TUBO  TIPO MABE,"2,70","1,89","4,59"
QUEMADOR # 18008 MEDIANO ZANUSSI,"2,70","1,89","4,59"
QUEMADOR # 18010  PEQUE헲,"2,70","1,89","4,59"
QUEMADOR # 18013,"2,70","1,89","4,59"
QUEMADOR # 18018 OVALADO MABE,"2,70","1,89","4,59"
QUEMADOR # 18031 GRANDE TIPO WHIRPOOL,"2,70","1,89","4,59"
QUEMADOR # 18031 PEQUE헲 TIPO WHIRPOOL,"2,70","1,89","4,59"
QUEMADOR # 18032 GRANDE 4 PATAS T-HAIER-PREMIER,"2,70","1,89","4,59"
QUEMADOR # 18037 GRANDE,"2,70","1,89","4,59"
QUEMADOR ALUMINIO  INDUSTRIAL 3 PEQUE헲 CUELLO CORTO,"11,11","7,78","18,89"
QUEMADOR ALUMINIO  INDUSTRIAL 3 PEQUE헲 CUELLO LARGO,"11,11","7,78","18,89"
QUEMADOR COCINA  MILATTY  PEQUE헲 CON CORONA,"2,70","1,89","4,59"
QUEMADOR CONDESA BARQUILLA CORTO 22016 S/REG  ,"2,70","1,89","4,59"
QUEMADOR CONDESA BARQUILLA  L22004 ,"5,92","4,14","10,06"
QUEMADOR CONDESITA L15 ESMALTADO ,"2,70","1,89","4,59"
QUEMADOR HONGO FRAGA/OLIMPIA ORIGINAL ,"2,70","1,89","4,59"
QUEMADOR HONGO REGINA/ECODAK  GRANDE 434445,"2,70","1,89","4,59"
QUEMADOR HONGO REGINA /ECODAK  PEQUE헲  434446,"2,70","1,89","4,59"
QUEMADOR HONGO REGINA /ECODAK  CON TUBO,"2,70","1,89","4,59"
QUEMADOR MABE ALUMINIO GRANDE C/CORONA  22118 ,"10,71","7,50","18,21"
RABO DE COCHINO PARA COCINA DE GAS,"8,00","5,60","13,60"
RABO DE COCHINO PARA COCINA DE GAS CON MANGUERA DE ACERO FLEXIBLE,"9,50","6,65","16,15"
"RESISTENCIA CARACOL DE 6 ""","5,00","3,50","8,50"
"RESISTENCIA CARACOL DE 8""","5,00","3,50","8,50"
REGULADOR DE GAS TIPO MARIPOSA AZUL,"4,00","2,80","6,80"
REGULADOR DE GAS DIGAS Y AUTOGAS  C-48A,"7,96","5,57","13,53"
REGULADOR DE GAS TIPO ROSCA ITALIANA,"10,43","7,30","17,73"
REGULADOR DE GAS TIPO CLIP ON (BOCA ANCAHA),"10,50","7,35","17,85"
REGULADOR DE GAS TIPO CLIP ON (BOCA ANCAHA)  AR COMPONENTS,"7,00","4,90","11,90"
REGULADOR DE GAS 18/43 KG POL MARIPOSA ORIGINAL 36-A,"8,67","6,07","14,74"
REVERVERO  DE DOS (2)  HORNILLAS,"27,00","18,90","45,90"
TAPA DE SARTEN ,"1,00","0,70","1,70"
TAPA DE QUEMADOR BARQUILLA PEQUE헤,"0,85","0,60","1,45"
TAPA DE QUEMADOR WHIRPOOL   BARQUILLA GRANDE,"1,70","1,19","2,89"
THERMOSTATO ELECTRICO  DE HORNO 0-300 GRADOS C,"28,00","19,60","47,60"
THERMOSTATO ELECTRICO  DE HORNO 10A  250V  1250,"2,00","1,40","3,40"
TUBO BASE QUEMADOR CONDENSA DERECHO  # 15031,"2,36","1,65","4,01"
TUBO BASE QUEMADOR CONDENSA IZQUIERDO #15030,"2,36","1,65","4,01"
TUBO Q/P COCINA #4 MEDIANO 29 CM,"5,27","3,69","8,96"
TUBO Q/P COCINA #6 MEDIANO 16 CM,"5,27","3,69","8,96"
TUBO Q/P QUEMADOR MABE CORTA  IZQUIERDA,"4,60","3,22","7,82"
TUBO QUEMADOR # 15005,"2,36","1,65","4,01"
TUBO QUEMADOR # 15006  LARGO,"2,36","1,65","4,01"
TUBO QUEMADOR # 15008 TIPO MABE CORTO,"2,36","1,65","4,01"
TUBO QUEMADOR # 15009 TIPO MABE ,"1,80","1,26","3,06"
TUBO QUEMADOR # 15010  MILLATY P/CORTA,"2,36","1,65","4,01"
TUBO QUEMADOR # 15011 LARGO MILATY P/CORTA,"2,36","1,65","4,01"
TUBO QUEMADOR # 15012  LARGO,"2,36","1,65","4,01"
TUBO QUEMADOR # 15022  LARGO,"2,36","1,65","4,01"
TUBO QUEMADOR # 15024  LARGO,"2,36","1,65","4,01"
VALVULA COC  CONDECITA,"7,07","4,95","12,02"
VALVULA COC  ENCENDIDO ELECTRICO,"7,07","4,95","12,02"
VALVULA COCINA HAIER,"12,14","8,50","20,64"
VALVULA COCINA INDUSTRIAL  GRANDE,"5,27","3,69","8,96"
VALVULA COCINA MABE PARA TORNILLO,"3,14","2,20","5,34"
VALVULA COCINA MABE PUNTA GRUESA,"3,14","2,20","5,34"
VALVULA COCINA MABE PUNTA GRUESA CON PERILLA,"3,14","2,20","5,34"
VALVULA COCINA REGINA C/ROSCA,"5,95","4,17","10,12"
VALVULA COCINA TAPPAN LARGA,"6,32","4,42","10,74"
ELECTRICIDAD Y HERRAMIENTAS,, ,
ANTENA IMANTADA,"2,00","1,40","3,40"
ABRAZADERA PEQUE헤,"0,20","0,14","0,34"
ABRAZADERA MEDIANA,"0,25","0,18","0,43"
ABRAZADERA GRANDE,"0,40","0,28","0,68"
APAGADOR SENCILLO REMA SUPERFICIAL,"0,80","0,56","1,36"
APAGADOR TRIPLE EMPOTRABLE,"2,00","1,40","3,40"
APAGADOR DOBLE EMPOTRABLE,"2,00","1,40","3,40"
BOMBILLO INDICADOR  DE 110VAC,"0,60","0,42","1,02"
BOMBILLO  LED 3W,"0,50","0,35","0,85"
BOMBILLO  LED 5W,"0,68","0,48","1,16"
BOMBILLO  LED 7W,"0,83","0,58","1,41"
BOMBILLO  LED 9W,"0,93","0,65","1,58"
BOMBILLO  LED 12W,"1,50","1,05","2,55"
BOMBILLO  LED 20W,"1,80","1,26","3,06"
BOMBILLO  LED 30W,"1,90","1,33","3,23"
BOMBILLO INCANDESENTE  100W E27,"0,20","0,14","0,34"
BOMBILLO INCANDESENTE  25W,"0,20","0,14","0,34"
BOMBILLO INCANDESENTE  60W,"0,20","0,14","0,34"
BOMBILLO INCANDESENTE  75W,"0,20","0,14","0,34"
BOMBILLO HALOGENO  72W,"0,40","0,28","0,68"
BOMBILLO TIPO VELA  DE 28W,"0,60","0,42","1,02"
BOMBILLO TIPO VELA  DE 45W ROSCA UNIVERSAL,"0,60","0,42","1,02"
BOMBILLO LED RECARGABLE 9W SACO,"4,50","3,15","7,65"
BOMBILLO AHORRADOR ESPIRAL 18W E27,"1,56","1,09","2,65"
BOMBILLO DE LUZ BLANCA DE  75  Y  100 WATTS,"1,50","1,05","2,55"
BREAKER 2 POLOS 60 AMP  PARA EMPOTRAR,"7,00","4,90","11,90"
BREAKER 2 POLOS 40 AMP  PARA EMPOTRAR,"5,00","3,50","8,50"
BREAKER 2 POLOS 30 AMP  PARA EMPOTRAR,"5,00","3,50","8,50"
CABLE # 12 SACO 100 MTS BLANCO   Y  NEGRO,"40,00","28,00","68,00"
CABLE # 12 SACO X 1 MTS   BLANCO   Y  NEGRO,"0,40","0,28","0,68"
DIODO TERMICO 25 AMP X  250 C ,"1,00","0,70","1,70"
DIODO TERMICO 20 AMP X  250 C ,"1,00","0,70","1,70"
ENCHUFE METAL VINIL CON TIERRA,"1,00","0,70","1,70"
ESTA헲  R-ESTN-1,"1,00","0,70","1,70"
EXTENSION ELECTRICA,"0,80","0,56","1,36"
FORMULA MARAINA  SQ-011,"2,92","2,04","4,96"
"FUSIBLES DE VIDRIO LARGO Y CORTO  5 ,10, 15, 20 25 Y 30 AMP","0,10","0,07","0,17"
FUSIBLES DE VIDRIO CON BLISTER Y TERMINALES  10AMP  250V,"0,40","0,28","0,68"
GRASA SPEED  7 PARA CHASIS,"5,00","3,50","8,50"
KEROSEN,"1,50","1,05","2,55"
LENTE DE SEGURIDAD,"2,00","1,40","3,40"
PARCHE PARA MOTO  L24,"3,00","2,10","5,10"
PEGA PARA RATA,"0,40","0,28","0,68"
PEGA LOCA,"0,20","0,14","0,34"
PEGA TANQUE EXTRA FUERTE AZUL,"2,20","1,54","3,74"
PEGA TANQUE INDUSTRIAL,"1,60","1,12","2,72"
PEGA TANQUE EXTRA FUERTE VERDE,"2,20","1,54","3,74"
REGLETA,"2,54","1,78","4,32"
HOJA DE SEGUETA  ,"0,80","0,56","1,36"
SOLDIMIX,"1,30","0,91","2,21"
SILICON GRIS ALTA TEMPERUTURA,"3,00","2,10","5,10"
SILICON BLANCO Y NEGRO  CARTUCHO 280 ML,"3,10","2,17","5,27"
SILICON TRANSPARENTE  LOCTITE ORIGINAL,"2,00","1,40","3,40"
SOCATE DE CERAMICA,"1,00","0,70","1,70"
SOCATE DE GOMA,"0,30","0,21","0,51"
TEIPE  NEGRO  PEQUE헲  SIN MARCA,"0,40","0,28","0,68"
TEIPE NEGRO PEQUE헲 COBRA,"1,00","0,70","1,70"
TEIPE NEGRO GRANDE COBRA,"1,00","0,70","1,70"
TEIPE NEGRO GRANDE FERMETAL,"1,00","0,70","1,70"
TEFLON GRANDE,"0,80","0,56","1,36"
TEFLON PEQUE헲,"0,40","0,28","0,68"
TIRRO GRANDE TRANSPARENTE,"1,80","1,26","3,06"
TIRRO GRANDE MARRON DE ENBALAR,"1,80","1,26","3,06"
"TIRRO DE PAPEL 2,5""  X  30 MTS","1,00","0,70","1,70"
"TIRRAT  16"" 40CM X 4,8 MM X  PAQUETE DE 100 UNIDADES","10,00","7,00","17,00"
"TIRRAT  16"" 40CM X 4,8 MM X  POR UNIDAD ","0,10","0,07","0,17"
"TIRRAT  12"" 30CM X 4,8 MM X  PAQUETE DE 100 UNIDADES","8,00","5,60","13,60"
"TIRRAT  12"" 30CM X 4,8 MM X  UNIDAD","0,08","0,06","0,14"
"TIRRAT  10"" 30CM X 4,8 MM X  PAQUETE DE 100 UNIDADES","1,29","0,90","2,19"
"TIRRAT  10"" 30CM X 3,6 MM X  UNIDAD","0,08","0,06","0,14"
"TIRRAT  8"" 30CM X 2,5 MM X  PAQUETE DE 100 UNIDADES","7,00","4,90","11,90"
"TIRRAT  8"" 20CM X 3,6 MM X  UNIDAD","0,07","0,05","0,12"
"TIRRAC  8"" 20CM X 3,6 MM X  PAQUETE DE 100 UNIDADES","1,05","0,74","1,79"
"TIRRAC  8"" 20CM X 3,6 MM X  UNIDAD","0,07","0,05","0,12"
"TIRRAT  6"" 30CM X 2,5 MM X  PAQUETE DE 100 UNIDADES","6,00","4,20","10,20"
"TIRRAT  6"" 30CM X 2,5 MM X  UNIDAD","0,06","0,04","0,10"
"TIRRAT  4"" 20CM X 2 MM X  PAQUETE DE  100 UNIDADES","5,00","3,50","8,50"
"TIRRAT  4"" 20CM X 2 MM X  UNIDAD","0,05","0,04","0,09"
TOMA DOBLE EMPOTRABLE CON TAPA ,"1,20","0,84","2,04"
TOMA DOBLE EMPOTRABLE BLANCA ,"0,40","0,28","0,68"
TOMA DOBLE SUPERFICIAL,"1,00","0,70","1,70"
TOMA TRIPLE SUPERFICIAL,"1,20","0,84","2,04"
TOMA CON INTERRUPTOR EMPOTRABLE,"0,50","0,35","0,85"
TOMA SENCIALLA  REMA SUPERFICIAL ,"0,80","0,56","1,36"
TOMA SENCILLA CERAMICA,"1,50","1,05","2,55"
TOMA DOBLE DE CERAMICA,"1,50","1,05","2,55"
TOMA DE GOMA SENCILLA,"0,50","0,35","0,85"
VENENO PARA CUCARACHA,"0,10","0,07","0,17"
LAVADORAS,,,
ACOPLE FLOTADOR LAVADORA MABE PLASTICO ORIGINAL,"4,00","2,80","6,80"
ACOPLE  AGITADOR CUADRADO INTERNO  X 12D  EXTERNO,"2,00","1,40","3,40"
ACOPLE  AGITADOR AGITADOR INTERNO  X 13D  EXTERNO,"2,00","1,40","3,40"
ACOPLE  AGITADOR CUADRADO INTERNO  X 15D  EXTERNO,"2,00","1,40","3,40"
ACOPLE  AGITADOR 10D INTERNO  X 13D  EXTERNO,"2,00","1,40","3,40"
ACOPLE  AGITADOR 11D INTERNO  X 12D  EXTERNO,"2,00","1,40","3,40"
ACOPLE  AGITADOR 11D INTERNO  X 13D  EXTERNO,"2,00","1,40","3,40"
ACOPLE  AGITADOR 11D INTERNO  X 15D  EXTERNO,"2,00","1,40","3,40"
ACOPLE  LAV. FRIGIDAIRE/ELECTROLUX,"3,00","2,10","5,10"
AGITADORES PARA LAVADORA TODAS,"4,00","2,80","6,80"
AJUSTADOR DE TINA FRIGIDAIRE  (PEINE_),"1,70","1,19","2,89"
AMORTIGUADOR UNIVERSAL LAVADORA,"2,60","1,82","4,42"
AMORTIGUADOR ORIGINAL WHIRPOOL,"24,00","16,80","40,80"
AMORTIGUADOR LAVADORA MABE,"1,20","0,84","2,04"
ARANDELA RANDALA  LAV MABE HIBRIDA/AMAZONAS,"0,80","0,56","1,36"
BLOQUE CON TUERCA LAV. WHIRPOOL,"2,70","1,89","4,59"
BOMBA DE AGUA HAIER 30  WATT,"12,00","8,40","20,40"
BOMBA DE AGUA HAIER 35  WATT,"12,00","8,40","20,40"
BOMBA DE AGUA LAVADORAS ASIATICAS  35  WATT  RBLH-1  AR COMPONENTS,"12,00","8,40","20,40"
BOMBA DE AGUA HAIER TORNILLO PASANTE  80  WATT,"15,00","10,50","25,50"
BOMBA DE AGUA UNIVERSAL  80 WATT,"16,50","11,55","28,05"
"BOMBA DE AGUA UNIVERSAL  85 WATT  1,4 AMP 60 HZ  110V    AR COMPONENTS","16,50","11,55","28,05"
BOMBA DE AGUA LAV MABE HIBRIDA/AMAZONA  11/13 KG 85WATTS  27114   ORIGINAL ISYN,"16,50","11,55","28,05"
BOMBA DE AGUA LAV. WHIRPOOL 2 BOCAS DESIGUAL  3363394V  ROSAN  MEXICANA,"12,50","8,75","21,25"
BOMBA DE AGUA LAV. WHIRPOOL 2 BOCAS DESIGUAL  3363394,"10,00","7,00","17,00"
BOMBA DE AGUA LAV. WHIRPOOL 2 BOCAS IGUALES,"10,50","7,35","17,85"
BOMBA DE AGUA LAV. WHIRPOOL 2 BOCAS AMANA 36863P,"9,50","6,65","16,15"
BOMBA DE AGUA LAV. WHIRPOOL 2 BOCAS ANCHAS ORIGINAL 3363892/394,"24,50","17,15","41,65"
BOMBA DE AGUA LAV. GE 4 BOCAS ORIGINAL  ,"16,50","11,55","28,05"
BOMBA DE AGUA LAV. GE 4 BOCAS ICERGA  ECONOMICA,"10,00","7,00","17,00"
BOMBA DE AGUA LAV. FRIGIDAIRE ORIGINAL IMPORTADA 85 WATTS 115V/60 HZ 137221600,"36,50","25,55","62,05"
BOMBA DE AGUA LAV. FRIGIDAIRE ECONOMICA 85WATTS  115V/60HZ  134051200  MASLEX,"15,00","10,50","25,50"
BOMBA DE AGUA LAV. FRIGIDAIRE AW700 3 BOCAS 5003912510,"32,00","22,40","54,40"
BOMBA DE AGUA LAV. FRIGIDAIRE BOCA ANCHA/ANGOSTA  131208500,"27,50","19,25","46,75"
BOCIONAS UNIVERSAL LAV  ASIATICA HOOVER /SANSUMG/DAEWOOD  110MM Y 12 MM LAVADO Y EXPRIMIDO,"1,00","0,70","1,70"
BOCINAS CENTRAL CON OREJA  LAV. MABE Y FRIGIDAIRE LGE-032,"7,00","4,90","11,90"
BOCINAS DE LA CAMISA SUPERIOR /INFERIOR LAV FRIGIDAIRE,"2,00","1,40","3,40"
BOCINAS DE LA CAMISA SUPERIOR  LAV  MABE ,"1,00","0,70","1,70"
BOCINAS DE LA TRANSMISION INFERIOR   LAV  MABE ,"1,00","0,70","1,70"
BOCINAS DE LA TRANSMISION INFERIOR   LAV  MABE AMAZONA,"1,00","0,70","1,70"
BOYAS,"3,50","2,45","5,95"
BUJE DE ACERO (SALVA  CAMISA)  LAV AMAZONA ,"2,90","2,03","4,93"
BUJES LAV   FRIGIDAIRE,"3,00","2,10","5,10"
BUJES LAV GE MODELO PLASTICO,"4,50","3,15","7,65"
BUJES LAV MABE AMAZONA OMEGA,"2,50","1,75","4,25"
BUJES LAV MABE  NACIONAL ,"2,50","1,75","4,25"
BUJES LAV FRIGIDAIRE  KIT TAMBOR 131825900,"2,50","1,75","4,25"
BUJES ESTRIADO DEL AGITADOR LAV FRIGIDAIRE,"2,50","1,75","4,25"
BUJES DE LA CAMISA SUPERIOR / INFERIOR LAV  WHIRPOOL  ORIGINAL,"2,50","1,75","4,25"
BUJES PESADO LAV LG 11D  X  12 D  PEQUE헲  ORIGINAL,"2,50","1,75","4,25"
BUJES PESADO LAV LG 11D  X  15D  GRANDE  ORIGINAL,"2,50","1,75","4,25"
CAJA CON PI헲NES DE TRANSMISION MABE AMAZAONA,"8,25","5,78","14,03"
CAMISAS LAV MABE MINI TROYA/ FLOTANTE/MAGNETO/MOROCHA 13 CM,"12,00","8,40","20,40"
CAMISAS LAV MABE CU헤 ALAMO  ORIGINAL,"18,00","12,60","30,60"
CAMISAS LAV FRIGIDAIRE,"34,00","23,80","57,80"
CAMISAS LAV WHIRPOOL,"34,00","23,80","57,80"
CAPACITOR DE MARCHA  33 + 14 MFD,"5,50","3,85","9,35"
CAPACITOR DE MARCHA  36 + 14 MFD,"5,50","3,85","9,35"
CAPACITOR DE MARCHA  38 + 14 MFD,"5,50","3,85","9,35"
CAPACITOR DE MARCHA  40 + 14 MFD,"6,50","4,55","11,05"
CAPACITOR DE MARCHA  40 + 18 MFD,"6,50","4,55","11,05"
CAPACITOR DE MARCHA  48 + 14 MFD,"6,50","4,55","11,05"
CAPACITOR DE MARCHA  48 + 18 MFD,"6,50","4,55","11,05"
CORREAS LAVADORA TODOS LOS MODELOS SERIE A/O/M,"2,00","1,40","3,40"
CORREA LAVADORA FRIGIDAIRE / ELECTROLUX  ORIGINAL 134511600,"4,40","3,08","7,48"
CORREA LAVADORA FRIGIDAIRE IMPORTADA A-30 DELFIN  134503600  ECONOMICA,"2,00","1,40","3,40"
CORREA LAVADORA GE  ORIGINAL  WH1X2026,"5,60","3,92","9,52"
CORREA SECADORA  FRIGIDAIRE  137292700   113 CM,"7,04","4,93","11,97"
CORREA SECADORA ELECTROLUX/  FRIGIDAIRE USA  134503600,"7,00","4,90","11,90"
CORREA SECADORA ELECTROLUX  5000619/C6100 96  CM 6 CANALES,"7,70","5,39","13,09"
"CORREA  SECADORA WHIRPOOL  341241   1, 16 CM","7,04","4,93","11,97"
"CORREA SECADORA WHIRPOOL  661570  1, 18 CM","7,04","4,93","11,97"
CORREA SECADORA WHIRPOOL-GE  3394652   1 MT  IMPORTADA,"7,04","4,93","11,97"
"CORREAS SECADORA  12X82  1,10 CM","7,04","4,93","11,97"
CORREAS SECADORA  HAIER/GPLUS GENERAL/KEYTON/ UTECH REFORZADA  POLYRETANO COLOR VERDE,"2,00","1,40","3,40"
CUERPO DE BOMBA DE AGUA LAV ASIATICAS DE 35 Y 45 WATTS EMICOL,"8,00","5,60","13,60"
CUERPO BOMBA DE AGUA LAV ASIATICAS DE 35 Y 45 WATTS ISYN 2118,"11,00","7,70","18,70"
CUERPO DE BOMBA DE AGUA  LAV ASIATICAS D E 35 Y 45 WATT AR COMPONENTS,"8,00","5,60","13,60"
CUERPO DE BOMBA DE AGUA MABE UNIVERSAL 85  WATT ,"11,00","7,70","18,70"
CUERPO DE BOMBA DE AGUA  DE 35 Y 45 WATTS  115V  DE LAV/ASIATIACA MASLEX,"11,00","7,70","18,70"
CUERPO DE BOMBA DE AGUA DE 85 WATTS  115V  DE LAV/ASIATIACA MASLEX,"11,00","7,70","18,70"
"CUERPO DE BOMBA DE AGUA DE 85 WATTS  115V  1,4 AMP RBLV-3  DE LAV/ASIATIACA AR COMPONENTS","11,00","7,70","18,70"
CLUCHT  UNIVERSAL,"4,00","2,80","6,80"
CLUCHT  ORIGINAL LAV. WHIRPOOL,"13,00","9,10","22,10"
"DUCTO CON RECIPIENTE PARA SECADORA DE 1,50MTS","8,50","5,95","14,45"
"DUCTO SIN RECIPIENTE PARA SECADORA  DE 1,50 MTS","4,50","3,15","7,65"
DUCTO P/SECADORA CIMPLETO CON ENVANSE REDONDO    (MASLEX),"5,50","3,85","9,35"
EJE DE TRANMISION DE LAV MABE MAGNETO,"7,00","4,90","11,90"
EMBRAGUE TRANSMISION AMAZONA,"3,00","2,10","5,10"
FIELTRO 3 TACOS SUPERIOR LAV FRIGIDAIRE,"14,00","9,80","23,80"
FIELTRO INFERIOR LAVADORA FRIGIDAIRE,"8,50","5,95","14,45"
FILTRO ATRAPA PELUZA,"2,00","1,40","3,40"
FLOTADOR  LAVADORA MABE AMAZONA,"12,00","8,40","20,40"
FUELLES  TODOS,"2,00","1,40","3,40"
GUAYA LAVADORA,"3,00","2,10","5,10"
KIT BOCINAS TRANSMISION WHIRPOOL,"10,30","7,21","17,51"
KIT COUPLIN LAV WHIRPOOL,"2,60","1,82","4,42"
KIT DE PI헲N CON EJE DE HIERRO Y ENGRANAJE DE 35 DIENTES,"4,00","2,80","6,80"
KIT PERRITO LAVADORA WHIRPOOL,"1,00","0,70","1,70"
KIT CLUCTH LAVADORA WHIRPOOL,"16,50","11,55","28,05"
LEVA MUELA FRENO TRANSMISION WHIRPOOL  64194,"0,85","0,60","1,45"
MANGUERA DE ENTRADA DE AGUA IMPORTADA,"4,00","2,80","6,80"
MANGUERAS DE DESAGUE CODO 1/2 NACONAL    LG/SAMSUNG,"2,50","1,75","4,25"
"MANGUERAS DE DESAGUE GRUESA BLANCA DE 1,20 MTS   ","2,50","1,75","4,25"
MANGUERAS DE DESAGUE CODO 3/4  2 MTS,"2,50","1,75","4,25"
MANGUERAS DE DESAGUE BLANCA FINA 2MTS   ,"1,00","0,70","1,70"
MANGUERAS DE DESAGUE 3 VIAS,"2,50","1,75","4,25"
MANGUERAS DE DESAGUE UNIVERSAL CORRUGADA,"2,50","1,75","4,25"
MANGUERAS DE DESAGUE  LAV. ASIATICA REFORZADA ORIGINAL,"3,00","2,10","5,10"
MANGUERAS DE DESAGUE  LAV/ZANUSSI ,"3,00","2,10","5,10"
MANGUERAS DE DESAGUE UNIVERSAL MULTIMEDIDAS,"3,00","2,10","5,10"
MANGUERA LAV ENTRADA DE AGUA TRIPA DE POLLO SPLIT ,"1,00","0,70","1,70"
MANGUERA CORTAS TINA BOMBA  24 CM X 3CM,"2,00","1,40","3,40"
MANGUERA CORTAS TINA BOMBA  BOCA DE PATO,"2,00","1,40","3,40"
MANGUERA CORTAS TINA BOMBA  DAEWOO  28CM,"2,00","1,40","3,40"
MANGUERA CORTAS TINA BOMBA   MABE 19CM,"2,00","1,40","3,40"
MANGUERA CORTAS TINA BOMBA  SAMSUNG  20CM,"2,00","1,40","3,40"
MANGUERA CORTAS TINA BOMBA  SAMSUNG 24 CM,"2,00","1,40","3,40"
MOTOR DRIVE   LAV LG 3T Y 2T 110V   ,"7,20","5,04","12,24"
MOTOR DRIVE   LAV  SAMSUNG CON GUAYA  110V  NEGRO  ,"7,20","5,04","12,24"
MOTOR DE LAVADORA CHACA-CHACA,"16,00","11,20","27,20"
MOTOR DE LAVADO DE 120W EJE GRUESO,"20,00","14,00","34,00"
MOTOR DE LAVADO DE 120W EJE DELGADO,"20,00","14,00","34,00"
MOTOR DE EXPRIMIDO 90W  EJE GRUESO 10MM  3Y4 ALETAS,"20,00","14,00","34,00"
MOTOR DE EXPRIMIDO 90W EJE GRUESO 12MM 4 BASE,"20,00","14,00","34,00"
PERILLA  LAV ASIATICA  No. 5,"0,45","0,32","0,77"
PERRILLA LAV GENERAL ELECTRIC AUTO. BEIGE CON /CLIP 12032,"1,53","1,07","2,60"
PERRILLA LAV GENERAL ELECTRIC AUTO. CROMO CON CLIP,"3,57","2,50","6,07"
PERRILLA LAV GENERAL ELECTRIC SEMI-AUTO. 12040,"0,56","0,39","0,95"
PERRILLA LAV MABE ALMENDRA  SIN CLIP,"1,23","0,86","2,09"
PERRILLA LAV PREMIUN ASIATICA No. 1,"0,56","0,39","0,95"
PI헲N DE TRANSMISION METALICA CON PUENTE 02050054,"2,50","1,75","4,25"
PI헲N DE TRANSMISION METALICA LG 1 PI헲N      02050524,"2,50","1,75","4,25"
PI헲N DE TRANSMISION METALICA  LG 2 PI헲N  20500350,"2,50","1,75","4,25"
PI헲N DE TRANSMISION METALICA SAMSUNG 1 PI헲N 02050312,"2,50","1,75","4,25"
PI헲N DE TRANSMISION METALICA SAMSUNG  2 PI헲N  02050055,"2,50","1,75","4,25"
POLEA GENERICA,"2,50","1,75","4,25"
POLEA DEL MOTOR CON IMAN,"8,10","5,67","13,77"
POLEA SECADORA WHIRPOOL  DE PLASTICO SOPORTE TAMBOR,"5,40","3,78","9,18"
POLEA DEL MOTOR  LAV. DE METALICA  FRIGIDAIRE  3204423  ,"5,00","3,50","8,50"
POLEA TENSORA  LAV FRIGIDAIRE/ELECTROLUX  IMPORTADA  900,"5,00","3,50","8,50"
POLEA TENSORA  SECADORA FRIGIDAIRE ORIGINAL   5303912533,"5,00","3,50","8,50"
POLEA TENSORA ORIGINAL LAV FRIGIDAIRE CON BASE ORIGINAL  131862900,"10,45","7,32","17,77"
POLEA TENSORA ORIGINAL LAV WHIRPOOL  279640,"5,00","3,50","8,50"
POLEA TENSORA SECADORA SAMSUNG  DC97-16782A,"9,90","6,93","16,83"
POLEA TENSORA SECADORA LG 4581EL2002A,"9,90","6,93","16,83"
PRESOSTATO UNIVERSAL/ELECTROLUX/LG/SAMSUNG,"5,40","3,78","9,18"
RESORTE INTERNO LAV. ELECTRLUX/LG/MAGIC QUEEN,"2,20","1,54","3,74"
RESORTE INTERNO LAV. LG  1 PI헲N  WMRELG01,"2,20","1,54","3,74"
RESORTE INTERNO LAV. LARGO  SAMSUNG DOBLE PI헲N  WMSA20L/WMS081,"2,20","1,54","3,74"
RESORTE INTERNO LAV. CORTO  SAMSUNG  1 PI헲N WMS0920SA,"2,20","1,54","3,74"
RESORTE TRANSMISION LAV DOBLE U헤  ELECTROLUX / SAMSUNG/MABE/LG  134700155,"2,20","1,54","3,74"
RESORTE TRANSMISION LAV LG/SAMSUNG UN  PI헲N,"2,20","1,54","3,74"
RESORTE  TRANSMISION LAV FRIGIDAIRE ORIGINAL  5303161174,"2,20","1,54","3,74"
RELOJ DE LAVADORA HAIER  MULTIPLE  110V,"3,60","0,00","3,60"
RELOJ DE 3/4/5/6/7 CABLES  DE UNA PERILLA,"3,60","2,52","6,12"
RELOJ DE 3/4/5/6/7 CABLES  DOBLE PERILLA,"3,60","2,52","6,12"
RELOJ LAV LG/SAMSUNG DOBLE BOTON 3 CABLES,"3,60","2,52","6,12"
ROLINERAS 6001/6002/6003,"1,60","1,12","2,72"
ROLINERA  6006,"2,50","1,75","4,25"
ROLINERA  606 /607-2RS/608-2RS/ 608ZZ,"0,65","0,46","1,11"
ROLINERA  627/628,"0,70","0,49","1,19"
ROLINERA 6200-2RS /  6201-1/2-2RS  /  6201-5/8-2RS /,"0,80","0,56","1,36"
ROLINERA 6202-1/2 /  6202-5/8  /  ,"0,80","0,56","1,36"
ROLINERA  6203-2RS/ 6203-5/8  /,"0,80","0,56","1,36"
"ROLINERA  MABE  6205-1"" 2RS - / 6205Z   MABE  HIBRIDA","1,65","1,16","2,81"
ROLINERA  6206-2RS /  6206-5/8,"1,60","1,12","2,72"
ROLINERA  LG  6305ZZ -2RS /  6305-5/8,"1,80","1,26","3,06"
ROLINERA  LG  6306 ZZ-2RS /  6305-5/8,"1,80","1,26","3,06"
ROLINERA  6900  A/A,"0,70","0,49","1,19"
ROLINERA  RACHET,"5,50","3,85","9,35"
ROSCA HIBRIDA,"0,70","0,49","1,19"
ROSCA AMAZONA,"0,70","0,49","1,19"
ROSCA LG  ALTA,"1,00","0,70","1,70"
SENSOR DE MOVIMIENTO  LAV. MABE,"3,50","2,45","5,95"
SENSOR DE MOVIMIENTO  LAV. LG,"22,00","15,40","37,40"
SELLO/ESTOPERA  DE LA TINA LAV MABE AMAZONA IMPORTADA ,"2,50","1,75","4,25"
SELLO/ESTOPERA  TINA LAV FRIGIDAIRE KIT UNIVERSAL  5308950197  METAL,"7,00","4,90","11,90"
SELLO/ESTOPERA  TINA LAV FRIGIDAIRE ARANDELA DE BRONCE ORIGINAL 5303279394,"7,00","4,90","11,90"
SELLO/ESTOPERA CONICA GRANDE DE LA CAMISA LAV  WHIRPOOL USA ,"5,00","3,50","8,50"
SELLO/ESTOPERA CONICA PEQUE헤 DE LA CAMISA  LAV  WHIRPOOL USA  ,"1,50","1,05","2,55"
SELLO/ESTOPERA PLANA DE LA CAMISA  LAV  WHIRPOOL USA CAMISA ,"1,50","1,05","2,55"
SELLO/ESTOPERA LAV  LG  CARGA FRONTAL,"5,00","3,50","8,50"
SELLO/ESTOPERA DE LA CAMISA LAV MABE HIBRIDA INFERIOR 5303161173,"1,00","0,70","1,70"
SELLO/ESTOPERA DE LA CAMISA LAV FRIGIDAIRE  SUPERIOR /INFERIOR   5303161307,"2,50","1,75","4,25"
SELLO/ESTOPERA NACIONAL MABE PEQ/MED/GRANDE,"1,00","0,70","1,70"
SELLO/ESTOPERA  SIN FIN LAV WHIRPOOL,"1,80","1,26","3,06"
SELLO/ESTOPERA POSTE CENTAL PLANA LAV. WHIRPOOL USA   383727/W10814296,"2,80","1,96","4,76"
SELLO/ESTOPERA  LAV WHIRPOOL USA CAMISA SUPCO LP630,"2,05","1,44","3,49"
SELLO/ESTOPERA DE TRANSMISION LAV AMAZONA,"2,50","1,75","4,25"
SELLO/ESTOPERA DE TRANSMISION LAV MABE,"2,50","1,75","4,25"
SELLO/ESTOPERA DE TRANSMISION LAV MAGIC QUEEN,"8,50","5,95","14,45"
SELLO/ESTOPERA  DE TRANSMISION LAV  SANSUMG,"2,50","1,75","4,25"
SELLO/ESTOPERA  DE TRANSMISION LAV LG,"2,50","1,75","4,25"
SWICHT TAPA LAV WHIRPOOL ORIGINAL   ,"6,00","4,20","10,20"
SWICHT TAPA PUERTA LAV WHIRPOOL ORIGINAL  ORIGINAL  8318084  -661570,"5,30","3,71","9,01"
SWICHT TAPA LAV WHIRPOOL ORIGINAL USA DE LA PUERTA  W10404050/W10238287,"13,00","9,10","22,10"
SWICHT PUERTA SECADORA WHIRPOOL ORIGINAL  3 CABLES 3406107,"6,00","4,20","10,20"
SWICHT TAPA LAV ASIATICA,"1,50","1,05","2,55"
SWICHT TAPA LAV CHACA-CHACA  ROJO,"1,50","1,05","2,55"
SWICHT TAPA LAV SIN FIN,"2,10","1,47","3,57"
THERMOSTATO  LAV. WHIRPOOL,"3,30","2,31","5,61"
TERMICO PARA SECADORA WHIRPOOL  F16-96 GRADOS  3403140,"2,78","1,95","4,73"
TERMICO PARA SECADORA WHIRPOOL  F14-  3390719,"2,78","1,95","4,73"
TUERCAS LAVADORA MABE AMAZONA/ HIBRIDA/ ARO PARTIDO,"1,50","1,05","2,55"
TUERCA MABE  HIBRIDA   ORIGINAL ,"1,50","1,05","2,55"
TUERCA TRANSMISION METALICA LAV  LG BAJA,"1,50","1,05","2,55"
TUERCA TRANSMISION  LAV  LG DIGITAL,"1,50","1,05","2,55"
TUERCA TRANSMISION LAV SANSUMG DIGITAL,"1,50","1,05","2,55"
TORNILLO LAV / MABE  SUJETADOR ACOPLE AGITADOR,"0,31","0,22","0,53"
TRANSMISION LAVADORA ASIATICA 11D SIN POLEA,"2,60","1,82","4,42"
TRANSMISION LAVADORA ASIATICA  LG/DAEWOOD Y NISATO EJE CUADRADO SIN POLEA 5 HUECOS WM03W42,"2,60","1,82","4,42"
TRANSMISION AMAZONA CU헤  ( CAJA CON CAMISA),"25,00","17,50","42,50"
TRANSMISION AMAZONA MAGNETO (CAJA CON CAMISA),"25,00","17,50","42,50"
TRANSMISION AMAZONA FLOTADOR  ,"28,00","19,60","47,60"
TRANSMISION PLASTICAS  TODOS LOS MODELOS,"6,00","4,20","10,20"
TRANSMISION METALICA LAV  LG 15 A  16 KG  CAMISA  GRUESO,"48,00","33,60","81,60"
TRANSMISION METALICA  LAV LG  11 A 14 KG  (2)  PI헲NES ,"48,00","33,60","81,60"
TRANSMISION METALICA  LAV  LG  6 A 9 KG  EJE CORTO (2) PI헲NES ,"38,00","26,60","64,60"
TRANSMISION METALICA  LAV WHIRPOOL ACROS MEXICO COMPLETA WH002 ,"40,00","28,00","68,00"
TRANSMISION METALICA  LAV WHIRPOOL ACROS BRASIL COMPLETA 326601,"40,00","28,00","68,00"
TRANSMISION METALICA LAV  SAMSUNG  11 A 14  (2)  PI헲NES ,"38,00","26,60","64,60"
TRANSMISION METALICA LAV  SAMSUNG  11 DIENTES  11 A 14  (2)  PI헲NES ,"25,00","17,50","42,50"
TRANSMISION METALICA  LAV  MABE AMAZONA 7 Y 9 KG ,"25,00","17,50","42,50"
TRANSMISION METALICA LAV  MABE AMAZONA 11 Y 13 KG,"25,00","17,50","42,50"
TRANSMISION METALICA LAV CON PUENTE  PREMIER,"48,00","33,60","81,60"
VALVULA DE ENTRADA DE AGUA LAV. WHIRPOOL,"5,90","4,13","10,03"
VALVULA DE ENTRADA DE AGUA LAV. WHIRPOOL / SAMSUNG/LG  WH-J805 (1)ENTRADA (2) SALIDAS,"3,00","2,10","5,10"
VALVULA DE ENTRADA DE AGUA LAV. GE XJD-160 DE (1) ENTRADA Y (1) SALIDA ROJA,"5,90","4,13","10,03"
VALVULA DE ENTRADA DE AGUA LAV. SAMSUNG/LG/DAEWOOD 136 (2)ENTRADAS (3) SALIDAS MARRON,"7,00","4,90","11,90"
VALVULA DE ENTRADA DE AGUA LAV. ELECTROLUX VW-51224C (1)ENTRADA (3)SALIDAS,"4,50","3,15","7,65"
VALVULA DE ENTRADA DE AGUA LAV. ELECTROLUX  VW-50248C  DE (1)ENTRADA (1)SALIDA BLANCA/AZUL,"4,00","2,80","6,80"
VALVULA DE ENTRADA DE AGUA LAV. DAEWOOD/ HACEB/SAMSUNG /LG/ XJD-138 (2) ENTRADAS (3) SALIDAS NARA/BLANCA,"5,40","3,78","9,18"
VALVULA DE ENTRADA DE AGUA LAV. SAMSUNG/LG/DAEWOOD XJD-140 (2) ENTRADAS (3) SALIDAS,"7,00","4,90","11,90"
VALVULA DE ENTRADA DE AGUA LAV. SAMSUNG/LG/DAEWOOD XJD-136 (2) ENTRADAS (3) SALIDAS,"6,50","4,55","11,05"
VALVULA DE ENTRADA DE AGUA IMPORTADA LA WHIRPOOL  FSP3952164CW-15 HORTON,"12,76","8,93","21,69"
LICUADORAS ,,,
LICUADORAS BLAC&DECKER,,,
ACOPLE B&D  GENERICO,"1,00","0,70","1,70"
ACOPLE  B&D TIPO XL 600  C08-B ,"1,00","0,70","1,70"
CUCHILLA  B&D DE VASO DE VIDRIO,"4,50","3,15","7,65"
CUCHILLA  B&D DE VASO DE PLASTICO,"4,50","3,15","7,65"
EMPACADURA O GOMA B&D  PARA VASO PLASTICO  105-C,"0,50","0,35","0,85"
ROSCA  LIC . B&D  BICELADA VASO PLASTICO  BDL1010 C16-F,"2,20","1,54","3,74"
ROSCA  LIC . B&D  BICELADA VASO VIDRI C-18D,"2,20","1,54","3,74"
ROSCA  LIC . B&D  REDONDA VASO PLASTICO  C-18G,"2,20","1,54","3,74"
ROSCA  LIC . B&D  REDONDA VASO VIDRIO  C-21G,"3,50","2,45","5,95"
VASO DE VIDRIO BLACK&DECKER,"7,00","4,90","11,90"
VASO DE PLASTICO  BLACK&DECKER T-ORIGINAL  ROSCA ANCHA IRROMPIBLE,"5,50","3,85","9,35"
VASO DE PLASTICO  BLACK&DECKER T-ORIGINAL  ROSCA ANGOSTA IRROMPIBLE,"5,50","3,85","9,35"
VASO PLASTICO CON TAPA DE 2 LTS BLACK&DECKER,"7,00","4,90","11,90"
LICUADORAS CUCCINART,,,
ACOPLE ,"2,20","1,54","3,74"
CUCHILLA LICUADORA CUCINART,"4,50","3,15","7,65"
ROSCA  LICUADORA CUCCINART,"1,00","0,70","1,70"
LICUADORAS ELECTROLUX,,,
CUCHILLA LICUADORA CUCINART,"4,50","3,15","7,65"
MOTOR LICUADORA ELECTROLUX  CHINO,"16,50","11,55","28,05"
VASO DE ACRILICO CON CUCHILLA  ELECTROLUX,"7,00","4,90","11,90"
VASO DE VIDRIO CRYSTAL PLATEADO,"24,50","17,15","41,65"
LICUADORAS HAMILTON,,,
ACOPLE  PLASTICO Y/O  DE GOMA ,"2,20","1,54","3,74"
CARBONES LICUADORA HAMILTON  143-B,"1,00","0,70","1,70"
CUCHILLA HAMILTON  95-I,"3,50","2,45","5,95"
ROSCA LICUADORA HAMILTON,"1,00","0,70","1,70"
LICUADORAS MAGEFESA,,,
ACOPLE MAGEFESA  134-D,"1,46","1,02","2,48"
ACOPLE MAGEFESA NEGRO  17-E,"1,00","0,70","1,70"
CUCHILLA LICUADORA  ELECTROLUX/FM/MAGEFESA,"4,50","3,15","7,65"
ROSCA LICUADORA  MAGEFESA NEGRA TIPO HAMILTON  145-H,"2,50","1,75","4,25"
TAPA LICUADORA MAGEFESA C/VISOR TRIANGULAR  147-G,"2,50","1,75","4,25"
LICUADORAS OSTER,,,
ACOPLE  UNIVERSAL  OSTER,"1,50","1,05","2,55"
ACOPLE  ORIGINAL  OSTER,"2,80","1,96","4,76"
ASPA LICUADORA OSTER ,"1,50","1,05","2,55"
BOCINAS LICUADORA OSTER,"1,00","0,70","1,70"
CARBONES LICUADORA OSTER  ORIGINAL,"2,20","1,54","3,74"
CARBONES LICUADORA OSTER  NACIONAL,"1,50","1,05","2,55"
CUADRANTE LICUDORA OSTER,"0,50","0,35","0,85"
CUCHILLA OSTER PICA HIELO,"4,00","2,80","6,80"
CUCHILLA OSTER OROGINAL  USA,"5,00","3,50","8,50"
CUCHILLA OSTER ORIGINAL MEXICANA,"4,00","2,80","6,80"
CUCHILLA OSTER ORIGINAL NACIONAL,"4,00","2,80","6,80"
CUCHILLA OSTER GENERICA MEXICANA,"3,50","2,45","5,95"
CUCHILLA OSTER GENERICA CHINA,"3,50","2,45","5,95"
EMPACADURA O GOMA OSTER 20-I,"0,50","0,35","0,85"
KIT  DE ACOPLE Y CUADRANTE  ORIGINAL,"3,50","2,45","5,95"
KIT  DE ACOPLE Y CUADRANTE  UNIVERSAL,"2,50","1,75","4,25"
MOTOR LICUADORA OSTER 500 Y 600 WATT  CHINO,"16,50","11,55","28,05"
MOTOR LICUADORA OSTER 500 Y 600 WATT  MOTORVENCA,"21,00","14,70","35,70"
PATAS LICUADORA OSTER,"0,50","0,35","0,85"
PERILLA LICUADORA OSTER,"1,00","0,70","1,70"
PUENTE SUPERIO LICUADORA OSTER,"4,00","2,80","6,80"
PUENTE SUPERIO LICUADORA OSTER  PEQUE헲   MODELO  NUEVO,"4,00","2,80","6,80"
PUENTE SUPERIO LICUADORA OSTER   GRANDE   MODELO  NUEVO,"4,00","2,80","6,80"
ROSCA LICUADORA  OSTER ECONOMICA   SOLO  5 PUNTAS ,"0,50","0,35","0,85"
ROSCA LICUADORA  OSTER ORIGINAL USA  3 PUNTAS,"1,00","0,70","1,70"
ROSCA LICUADORA  OSTER ORIGINAL  USA  5 PUNTAS,"1,00","0,70","1,70"
SWITCH  DE 3 VELOCIDADES,"2,20","1,54","3,74"
TAPA LICUADORA OSTER IMPORTADA,"4,50","3,15","7,65"
TAPA LICUADORA OSTER ECONOMICA  PLASTICO DURO C-11,"2,20","1,54","3,74"
TAPA LICUADORA OSTER NEGRA ORIGINAL  GOMA SUAVE   C08-F,"4,00","2,80","6,80"
VASO DE ACERO INOXIDABLE CON TAPA  OSTER ORIGINAL IMPORTADO ,"14,00","9,80","23,80"
VASO DE VIDRIO CON TAPA  OSTER ORIGINAL IMPORTADO REFRACTARIO,"10,50","7,35","17,85"
VASO DE VIDRIO ORIGINAL  OSTER ,"9,00","6,30","15,30"
VASO DE VIDRIO ORIGINAL CON TAPA Y ROSCA  OSTER,"11,00","7,70","18,70"
VASO DE VIDRIO ORIGINAL CON TAPA  OSTER,"10,00","7,00","17,00"
VASO DE VIDRIO ORIGINAL CON ROSCA  OSTER,"10,00","7,00","17,00"
VASO DE VIDRIO CHINO GENERICO OSTER,"5,00","3,50","8,50"
VASO DE VIDRIO CHINO CON TAPA Y ROSCA OSTER,"6,50","4,55","11,05"
VASO DE VIDRIO CHINO CON  TAPA OSTER ,"5,00","3,50","8,50"
VASO DE VIDRIO CHINO CON ROSCA OSTER,"5,00","3,50","8,50"
VASO DE ACRILICO  ,"4,50","3,15","7,65"
VASO PLASTICO  OSTER  IRROMPIBLE,"4,50","3,15","7,65"
VASO PLASTICO  OSTER  ORIGINAL ,"6,00","4,20","10,20"
VASO PLASTICO  OSTER  GENERICO ,"2,20","1,54","3,74"
VASO PLASTICO  OSTER  DE SILICONE CON TAPA Y ROSCA,"3,50","2,45","5,95"
VASO ALUMINIO GRANDE CON TAPA OSTER,"3,50","2,45","5,95"
VASO ALUMINIO PEQUE헲  CON TAPA OSTER,"2,80","1,96","4,76"
VISOR  TAPA TRANSPARENTE CENTRAL DE LA TAPA OSTER ,"1,00","0,70","1,70"
LICUADORAS PREMIER,,,
ACOPLE PREMIER  AMARILLO  83-K,"1,00","0,70","1,70"
ACOPLE PRIMIUM  GRANDE 20-G,"1,50","1,05","2,55"
ACOPLE PRIMIUM  PEQUE헲 96-B,"1,50","1,05","2,55"
"CUCHILLA  PREMIER  CON ROSCA  NEGRA  11,5 CMS  136-E","5,00","3,50","8,50"
"CUCHILLA CON ROSCA BLANCA  11,5 MM","5,00","3,50","8,50"
ROSCA LICUADORA PREMIER,"1,50","1,05","2,55"
TAPA LICUADORA PREMIER,"1,00","0,70","1,70"
VASO  ACRILICO   2 LTS,"7,00","4,90","11,90"
"VASO PLASTICO  PREMIER 1,5 LTS  C/TAPA  ","6,00","4,20","10,20"
LICUADORAS SAMURAY,,,
ACOPLE SAMURAY  GOMA  21-A,"2,20","1,54","3,74"
ACOPLE SAMURAY CLASICA  76-K  PLASTICO,"1,00","0,70","1,70"
CUCHILLA SAMURAY LX 600 ORIGINAL,"5,00","3,50","8,50"
CUCHILLA SAMURAY LX 600 CUELLO METAL ,"3,00","2,10","5,10"
CUCHILLA SAMURAY PICA HIELO BLANCA 129-F,"4,50","3,15","7,65"
EMPACADURA O GOMA SAMURAY  ORIGINAL 67-A,"0,50","0,35","0,85"
ROSCA LICUADORA SAMURAY ECONOMICA,"4,00","2,80","6,80"
ROSCA LICUADORA SAMURAY CLASSIC  VASO PLASTICO  8.1  X 12.1  C17-G,"4,00","2,80","6,80"
ROSCA LICUADORA SAMURAY SUPER 5 A PRESIO  153-C,"4,00","2,80","6,80"
TAPA LICUADORA SAMURAY LX300 ORIGINAL  124-D,"1,00","0,70","1,70"
VASO SAMURAY PLASTICO CON TAPA Y ROSCA DE 2 LTS,"7,00","4,90","11,90"
VASO SAMURAY ALUMINIO GRANDE  CON TAPA,"4,50","3,15","7,65"
"VASO SAMURAY  PLASTICO CON TAPA   T/LX 600  1,5 LT","3,50","2,45","5,95"
"VASO SAMURAY  PLASTICO CON ROSCA   T/LX 600  1,5 LT","3,50","2,45","5,95"
"VASO SAMURAY  PLASTICO CON TAPA Y ROSCA   T/LX 600  1,5 LT","4,50","3,15","7,65"
MAQUINAS DE COCER,,,
CORREAS UNIVERSAL DENTADA  AMARILLA /NARANJA,"1,13","0,79","1,92"
CORREAS UNIVERSAL DENTADA NEGRA ,"1,40","0,98","2,38"
MICROONDAS,,,
"CAPACITOR 0,75 MFD  X 2100 VAC","3,60","2,52","6,12"
"CAPACITOR 0,76 MFD  X 2100 VAC","3,60","2,52","6,12"
"CAPACITOR 0,85 MFD  X 2100 VAC","3,60","2,52","6,12"
"CAPACITOR 0,86 MFD  X 2100 VAC","3,60","2,52","6,12"
"CAPACITOR 0,90 MFD  X 2100 VAC","3,60","2,52","6,12"
CAPACITOR 1  MFD  X 2100 VAC,"3,60","2,52","6,12"
FUSIBLE DE CERAMICA DE 30 AMP,"0,51","0,36","0,87"
FUSIBLE DE CERAMICA DE 25 AMP,"0,51","0,36","0,87"
FUSIBLE DE CERAMICA DE 20 AMP,"0,51","0,36","0,87"
FUSIBLE DE CERAMICA DE 10 AMP,"0,51","0,36","0,87"
OLLAS,,,
ASAS DE OLLAS DE PRESION ECKO/ZENIT/OSTER/PRESTO/MAGEFESA,"2,80","1,96","4,76"
ASAS DE TAPA DE OLLAS DE PRESION  ECKO/ZENIT/OSTER/PRESTO/MAGEFESA,"1,40","0,98","2,38"
FUSIBLE  OLLA  ECKO GOMA IMPORTADA 48-G/,"1,01","0,71","1,72"
FUSIBLE  OLLA  ALUBAT/ZENIT/ SILICON  47-H,"1,01","0,71","1,72"
FUSIBLE  OLLA  LANGOSTINA UNIVERSAL   153-G,"3,50","2,45","5,95"
GOMAS DE OLLAS TODOS LOS MODELOS NACIONALES   SAAB,"1,50","1,05","2,55"
GOMAS DE OLLAS  TODOS LOS MODELOS NACIONALES   CORIACA,"2,80","1,96","4,76"
GOMAS DE OLLAS TODOS LOS MODELOS IMPORTADAS GENERICAS  SAAB,"1,50","1,05","2,55"
GOMAS DE OLLAS TODOS LOS MODELOS  IMPORTADAS CORIACA,"2,20","1,54","3,74"
GOMAS DE OLLAS  TODOS LOS MODELOS IMPORTADAS ORIGINALES  SAAB,"4,50","3,15","7,65"
GOMAS DE OLLAS TODOS LOS MODELOS  IMPORTADAS ORIGINALES CORIACA,"3,50","2,45","5,95"
GOMAS DE SILICON  OSTER  12K,"3,50","2,45","5,95"
HUSILLO  MAGEFESA,"8,50","5,95","14,45"
MANGOS  DE  OLLA  ECKO/ZENIT/OSTER/PRESTO/MAGEFESA,"2,80","1,96","4,76"
MANGOS  DE  TAPA   ECKO/ZENIT/OSTER/PRESTO/MAGEFESA,"1,00","0,70","1,70"
PESAS MAGEFESA,"8,00","5,60","13,60"
PESAS EXPRESS,"2,00","1,40","3,40"
PESAS ECKO,"4,70","3,29","7,99"
PESAS ECKO CABEZA NEGRA,"6,00","4,20","10,20"
PESAS SUPREMA,"2,00","1,40","3,40"
PESAS ZENIT,"5,00","3,50","8,50"
PESAS OSTER,"2,20","1,54","3,74"
PESAS UNIVERSAL,"1,60","1,12","2,72"
POMO MAGEFESA,"3,00","2,10","5,10"
REMACHES DE ALUMINIO,"1,00","0,70","1,70"
VALVULAS UNIVERSAL DE GOMA PARA LAS TAPAS,"0,50","0,35","0,85"
VALVULAS UNIVERSAL DE ALUMINIO PARA LAS TAPAS,"1,00","0,70","1,70"
VALVULAS  MAGEFESA ORIGINAL  DE ALUMINIO PARA LAS TAPAS,"3,50","2,45","5,95"
PILAS,,,
PILAS CUADRADA  9V  ALKALINA  ,"2,80","1,96","4,76"
PILAS CUADRADA  9V  CARBON ,"1,50","1,05","2,55"
PILAS   AA X  2,"1,80","1,26","3,06"
PILAS   AA X  4 ,"3,60","2,52","6,12"
PILAS  AAA X 2,"1,80","1,26","3,06"
PILAS   AAA X 4  ,"3,60","2,52","6,12"
PILAS  CLASE C,"2,50","1,75","4,25"
PILAS  CLASE D ,"3,50","2,45","5,95"
PILAS 23A  ,"0,90","0,63","1,53"
PILAS CR 2016,"0,75","0,53","1,28"
PILAS CR 2025,"0,75","0,53","1,28"
PILAS CR 2032,"0,75","0,53","1,28"
PILAS CR 1620,"2,00","1,40","3,40"
PILAS CR1632,"2,00","1,40","3,40"
PILAS RECARGABLES  X  2,"5,00","3,50","8,50"
"BATERIAS RECARGABLES PISCELL  PK0068  X 3,6V  PARA TELEFONOS FIJOS","7,00","4,90","11,90"
CARGADOR GP CON BATERIAS,"6,00","4,20","10,20"
VENTILADORES,,,
ASPAS VENTILADOR FM,"2,60","1,82","4,42"
ASPAS VENTILADOR PATON,"3,00","2,10","5,10"
ASPAS VENTILADOR OSTER,"2,80","1,96","4,76"
ASPAS VENTILADOR TAUROS,"3,20","2,24","5,44"
BOCINAS PARA VENTILADOR TODAS LAS MARCAS,"0,60","0,42","1,02"
CAJA DE ENGRANAJES ,"4,00","2,80","6,80"
CAPACITOR DE MARCHA  2 MFD,"0,60","0,42","1,02"
"CAPACITOR DE MARCHA  2,5 MFD","0,60","0,42","1,02"
CAPACITOR DE MARCHA 3  MFD,"0,70","0,49","1,19"
"CAPACITOR DE  MARCHA  3,5  MFD","0,80","0,56","1,36"
CAPACITOR DE  MARCHA 4  MFD,"0,90","0,63","1,53"
"CAPACITOR DE  MARCHA  4,5 MFD","1,00","0,70","1,70"
CAPACITOR DE  MARCHA  5 MFD,"1,05","0,74","1,79"
"CAPACITOR DE  MARCHA  5,5 MFD","1,10","0,77","1,87"
CAPACITOR DE  MARCHA  6 MFD,"1,15","0,81","1,96"
"CAPACITOR DE  MARCHA  6,5 MFD","1,20","0,84","2,04"
CAPACITOR DE MARCHA  7 MFD,"1,25","0,88","2,13"
CAPACITOR DE MARCHA  8 MFD,"1,30","0,91","2,21"
REFRIGERACION,,,
,,,
ACEITES,,,
ACEITE 3 EN 1  MULTI USO  30ML,"1,00","0,70","1,70"
ACEITE 3 EN 1  MULTI USO  90ML,"1,50","1,05","2,55"
ACEITE BOMBO  VACIO    8 OZ  RBV Y GENETRON,"1,66","1,16","2,82"
"ACEITE BOMBO  VACIO    3,8 LTS  CPE  1118456991","12,50","8,75","21,25"
ACEITE  EMKARATE RL 68-6 MAF 1 LT.,"15,00","10,50","25,50"
ACEITE  EMKARATE RL 32-6 MAF 1 LT.,"15,00","10,50","25,50"
ACEITE  EMKARATE  RL32H  X  1GL,"40,00","28,00","68,00"
ACEITE  EMKARATE  RL68H  X  1GL,"40,00","28,00","68,00"
ACEITE  MINERAL CAPELL OIL  TX -ISO - 32  R22/12  X  1LTR  +60000BTU,"3,90","2,73","6,63"
ACEITE  MINERAL CAPELL OIL  TX -ISO - 32  R22/12  X  1 GALON L +60000BTU,"13,50","9,45","22,95"
ACEITE  MINERAL CAPELL OIL  TX -ISO - 68  R22/12  1LTR -60000BTU,"3,90","2,73","6,63"
ACEITE  MINERAL CAPELL OIL  TX -ISO - 68  R22/12  X  1 GALON-60000BTU,"13,50","9,45","22,95"
ACEITE  MINERAL  R22  HS-68 1LT ENVASE POLIPROPILE  PARA COMPRESORES DE A/A  HASTA 60KBTU,"3,30","2,31","5,61"
ACEITE  MINERAL  R22  8 OZ  ,"1,50","1,05","2,55"
ACEITE  MINERAL  FRIO CARK  68  R22  1L    ,"3,75","2,63","6,38"
ACEITE SINTETICO  TIPO POE  EMKAR OIL 68  X   1LTR,"6,50","4,55","11,05"
ACEITE SINTETICO  TIPO POE  EMKAR OIL 68  X   1 GALON  ,"21,00","14,70","35,70"
ACEITE SINTETICO  TIPO POE  EMKAR OIL 32 X   1 LTR,"6,50","4,55","11,05"
ACEITE SINTETICO  TIPO POE  EMKAR OIL 32 X   1 GALON  ,"21,00","14,70","35,70"
ACEITE  SINTETICO 134  AUTOMOVIL   PAG 46/100/150 8 OZ   RBV,"1,50","1,05","2,55"
ACEITE  SINTETICO 134  AUTOMOVIL   PAG 46/100/150 8 OZ  GENETRON,"1,66","1,16","2,82"
ACEITE  SINTETICO 134  AUTOMOVIL   PAG 46/100/150 8 OZ  FREEZE,"3,30","2,31","5,61"
ACEITE  SINTETICO  134 NEVERA  8 OZ  RBV  Y GENETRON,"1,50","1,05","2,55"
"ACEITE SINTETICO  GENETRON  TIPO POE 68   X  3,62  LTR    METALICO","15,58","10,91","26,49"
"ACEITE SUGNISO 32 3GS X  1  GALON DE   3,8 LTR","20,00","14,00","34,00"
"ACEITE SUGNISO 68 4GS X  1  GALON DE   3,8 LTR","20,00","14,00","34,00"
ACIDOS LIMPIADOR EXTERNO PARA  CERPENTINES ,,,
ACIDO  COOL CLEANNER   X 1LT,"2,80","1,96","4,76"
ACIDO  COOL CLEANNER  500 ML,"1,50","1,05","2,55"
ACIDO AL-CLEAN  X 1LT,"1,66","1,16","2,82"
ACIDO  EVAIR 11    Y MASTER   X  1LT,"1,40","0,98","2,38"
"ACIDO   CODL CLEANER LIMPIADOR   X GALON  3,8 LTS  CPE 815368677","7,80","5,46","13,26"
ADAPTADOR Y/O ACOPLE DE A/A,,,
ADAPTADOR  410 SIN GUSANILLO,"1,30","0,91","2,21"
ADAPTADOR 134 PARA AUTOMOVIL,"4,40","3,08","7,48"
ADAPTADOR 410 CON    GUSANILLO,"1,30","0,91","2,21"
ADAPTADOR   410  CURVO 45,"1,88","1,32","3,20"
ANILLO DE COBRE,,,
"ANILLO DE COBRE DE 1/8""","0,30","0,21","0,51"
"ANILLO DE  COBRE DE 3/16""","0,30","0,21","0,51"
"ANILO DE COBRE DE  1/4""","0,30","0,21","0,51"
"ANILLO DE  COBRE DE 5/16""","0,30","0,21","0,51"
"ANILLO DE COBRE DE 3/8""","0,30","0,21","0,51"
"ANILLO DE  COBRE  1/2""","0,30","0,21","0,51"
"ANILLO DE  COBRE DE 5/8""","0,50","0,35","0,85"
"ANILLO DE COBRE  DE 3/4""","0,80","0,56","1,36"
"ANILLO DE COBRE  DE 7/8""","0,80","0,56","1,36"
"ANILLO DE COBRE  DE  1""","1,00","0,70","1,70"
ANILLO  DE COBRE  1 1/8 ,"1,40","0,98","2,38"
,,"0,5",V/U
ANTIVIBRADORES,,,
"ANTIVIBRADOR  3/8""","8,00","5,60","13,60"
"ANTIVIBRADOR  1/4""","9,50","6,65","16,15"
"ANTIVIBRADOR  1/2""","10,00","7,00","17,00"
"ANTIVIBRADOR  5/8""","10,50","7,35","17,85"
ARMAFLEX,,,
"ARMFLEX DE  1/4"" X 3/8"" X 1,80 MTS","0,80","0,56","1,36"
"ARMAFLEX DE 3/8""  X  3/8""  X  1,80 MTS","0,80","0,56","1,36"
"ARMAFLEX DE  1/2"" X 3/8""  X 1,80 MTS","0,80","0,56","1,36"
"ARMAFLEX DE 5/8""  X  3/8""  X 1,80 MTS","0,95","0,67","1,62"
"ARMAFLEX DE  3/4""  X  3/8""  X  1,80 MTS","0,95","0,67","1,62"
"ARMAFLEX DE 7/8""  X  3/8""  X  1,80 MTS","1,04","0,73","1,77"
"ARMAFLEX DE 1"" X 3/8""  X   1,80 MTS","1,35","0,95","2,30"
"ARMAFLEX DE 1  1/8""  X  3/8""   X 1,80 MTS","1,50","1,05","2,55"
"ARMAFLEX DE 1  3/8""  X  3/8""   X  1,80 MTS","1,53","1,09","2,62"
ASPAS  METALICAS ,,,
"ASPA DE 4""","1,00","0,70","1,70"
"ASPA DE 5""","1,00","0,70","1,70"
"ASPA  DE  6""","1,00","0,70","1,70"
"ASPA DE 7""","1,50","1,05","2,55"
"ASPA DE 8""","1,50","1,05","2,55"
ASPAS  PLASTICA ,,,
"ASPA DE  NEVERA  100 EJE 3,17  CCW","1,50","1,05","2,55"
"ASPA DE  NEVERA  100 EJE 3,17  CW","1,50","1,05","2,55"
"ASPA DE  NEVERA  100 EJE  4,76  CCW","1,50","1,05","2,55"
"ASPA DE  NEVERA  100 EJE  4,76  CW","1,50","1,05","2,55"
"ASPA DE  NEVERA  110 EJE 3,17  CCW","1,50","1,05","2,55"
"ASPA DE  NEVERA  110 EJE  4,76  CCW","1,50","1,05","2,55"
BASES PARA MINI SPLIT,,,
LBA-500 12000 A 18000 BTU,"8,72","6,10","14,82"
BASE PARA MINI SPLIT  DE 18000 BTU A 24000 BTU  R-BMP-2  AR  COMPONENTS,"9,00","6,30","15,30"
LBA-650  24000 A 36000 BTU,"12,00","8,40","20,40"
BIMETALICOS  PARA NEVERAS,,,
BIMETALICOS UNIVERSAL,"2,00","1,40","3,40"
BIMETALICO K11  FABRICADOR DE HIELO WHIRPOOL  4 CABLES,"3,50","2,45","5,95"
BIMETALICO MABE ORIGINAL L60,"3,50","2,45","5,95"
BIMETALICO ORIGINAL L140 NEV /GE  ,"3,50","2,45","5,95"
BIMETALICO ORIGINAL L55  MARRON/MARRON,"3,50","2,45","5,95"
BIMETALICO ORIGINAL L55  NARANJA/ROSADO,"3,50","2,45","5,95"
BIMEGTAL WHIRPOOL USA  L-32  627985B-025,"3,50","2,45","5,95"
BIMEGTAL WHIRPOOL FABRICADOR DE HIELO 627985,"3,50","2,45","5,95"
BIMETALICO N8  2  CABLES PARA NEVERAS ASIATICAS ,"3,50","2,45","5,95"
BIMETALICO N12  3 CABLES PARA NEVERAS ASIATICAS ,"3,50","2,45","5,95"
BIMETALICO 4 CABLES TRIPLE CONECTOR C/FUSIBLE Y SENSON AMBIENTE ,"3,50","2,45","5,95"
BIMETALICO NEV/ASIA  3 CABLES R/N/M  CON FUSIBLE Y CON CONECTOR  JB2002A,"3,50","2,45","5,95"
BIMETALICOS  MABE ORIG 3 CABLES R/N/M  BLISTER SENSOR Y FUSIBLE,"3,50","2,45","5,95"
BIMETALICOS NEV ASIATICA LG 4 CABLES CON  SENSOR  CON CONECTOR  JB2002T,"3,50","2,45","5,95"
BIMETALICOS NEV ASIATICA LG 4 CABLES CON  SENSOR  CON CONECTOR  CON FUSIBLE  JB2005A,"3,50","2,45","5,95"
BIMETALICOS NEV ASIATICA LG 4 CABLES CON  DOBLE SENSOR  CON CONECTOR   JB2005N,"3,50","2,45","5,95"
BOMBAS DE VACIO,,,
"BOMBA DE VACIO 2 ETAPAS  1/4 115V/60HZ  1,5CFM  -1,7CFM","66,10","46,27","112,37"
"BOMBA DE VACIO 2 ETAPAS 2Z-3  1/3  115V  60HZ  MC/ED  2,75 CFM-3 CFM","85,28","59,70","144,98"
BOMBAS PARA SPLIT,,,
BOMBA  AP1200  120AC  ,"5,50","3,85","9,35"
BOMBILLOS PARA NEVERAS,,,
BOMBILLO PEQUE헲 ROSCA E-12 10WW/110V,"1,10","0,77","1,87"
BOMBONAS  RECARGABLES Y BOMBONAS VACIAS DESECHABLES ,,,
"BOMBONA RECARGABLE  VACIA  P00268 DE 1,5 KG P/R-134a","17,65","12,36","30,01"
"BOMBONA  DESECHABLE VACIA DE 13,6 KG","0,60","0,42","1,02"
CABLES UNIVESALR  PARA PINZA AMPERIMETRICA Y CAPACIMETROS,,,
CABLE UNIV PARA PINZA AMPERIMETRICA (MULTIMETRO O TESTER),"1,50","1,05","2,55"
CABLE UNIV DE AMPERIMETRO,"2,00","1,40","3,40"
CAJA PROTECTORA DE THERMOSTATO,,,
"CAJA TG-4  LARGO=23CM   ANCHO 13CM   ALTURA  9,7 CM EVERWELL","6,00","4,20","10,20"
CAJA TG-2  LARGO=16CM   ANCHO 14CM   ALTURA  8 CM  EVERWELL,"4,00","2,80","6,80"
CAPACIMETROS   ,,,
CAPACIMETRO  CM9601A,"15,75","11,03","26,78"
CAPACIMETRO  LECTOR TEMPERATURA  Y VOLTIMETRO,"24,00","16,80","40,80"
CAPACITORES DE ARRANQUE,,,
CAPACITOR  DE 72-86-1,"1,80","1,26","3,06"
CAPACITOR  DE 72-86-2,"1,80","1,26","3,06"
CAPACITOR  DE 72-86-3,"1,80","1,26","3,06"
CAPACITOR DE 86-106-1,"1,80","1,26","3,06"
CAPACITOR DE 86-106-2,"1,80","1,26","3,06"
CAPACITOR DE 86-106-3,"1,80","1,26","3,06"
CAPACITOR DE 108-130-1,"1,80","1,26","3,06"
CAPACITOR DE 108-130-2,"1,80","1,26","3,06"
CAPACITOR DE 108-130-3,"1,80","1,26","3,06"
CAPACITOR DE 124-148-1,"1,80","1,26","3,06"
CAPACITOR DE 124-148-2,"1,80","1,26","3,06"
CAPACITOR DE 124-148-3,"1,80","1,26","3,06"
CAPACITOR DE 130-156-1,"1,80","1,26","3,06"
CAPACITOR DE 130-156-2,"1,80","1,26","3,06"
CAPACITOR DE 130-156-3,"1,80","1,26","3,06"
CAPACITOR DE 145-175-1,"1,80","1,26","3,06"
CAPACITOR DE 145-175-2,"1,80","1,26","3,06"
CAPACITOR DE 145-175-3,"1,80","1,26","3,06"
CAPACITOR DE 161-193-1,"1,80","1,26","3,06"
CAPACITOR DE 161-193-2,"1,80","1,26","3,06"
CAPACITOR DE 161-193-3,"1,80","1,26","3,06"
CAPACITOR DE 189-227-1,"1,80","1,26","3,06"
CAPACITOR DE 189-227-2,"1,80","1,26","3,06"
CAPACITOR DE 189-227-3,"1,80","1,26","3,06"
CAPACITOR DE 216-259-1,"1,95","1,37","3,32"
CAPACITOR DE 216-259-2,"1,98","1,39","3,37"
CAPACITOR DE 216-259-3,"2,00","1,40","3,40"
CAPACITOR DE 233-280-1,"2,20","1,54","3,74"
CAPACITOR DE 233-280-2,"2,30","1,61","3,91"
CAPACITOR DE 243-292-1,"2,40","1,68","4,08"
CAPACITOR DE 243-292-2,"2,50","1,75","4,25"
CAPACITOR DE 270-294-1,"3,00","2,10","5,10"
CAPACITOR DE 270-294-2,"3,20","2,24","5,44"
CAPACITOR DE 270-294-3,"3,30","2,31","5,61"
CAPACITOR DE 324-389-1,"3,80","2,66","6,46"
CAPACITOR DE 324-389-2,"3,80","2,66","6,46"
CAPACITOR DE 340-408-1,"4,00","2,80","6,80"
CAPACITOR DE 340-408-2,"4,05","2,84","6,89"
CAPACITOR DE 378-454-1,"4,10","2,87","6,97"
CAPACITOR DE 378-454-2,"4,20","2,94","7,14"
CAPACITOR DE 400-480-1,"4,25","2,98","7,23"
CAPACITOR DE 400-480-2,"4,30","3,01","7,31"
CAPACITOR DE 430-516-1,"4,15","2,91","7,06"
CAPACITOR DE 430-516-2,"4,20","2,94","7,14"
CAPACITOR DE 460-552-1,"4,35","3,05","7,40"
CAPACITOR DE 540-648-1,"4,40","3,08","7,48"
CAPACITOR DE 590-708-1,"4,45","3,12","7,57"
CAPACITOR DE 645-774-1,"4,50","3,15","7,65"
CAPACITOR DE 708-845-1,"4,60","3,22","7,82"
CAPACITOR DE 720-864-1,"4,70","3,29","7,99"
CAPACITOR DE 720-864-2,"4,75","3,33","8,08"
CAPACITOR DE 829-995-1,"4,80","3,36","8,16"
CAPACITOR DE 850-1020-1,"4,90","3,43","8,33"
CAPACITOR DE 1000-1200-1,"5,00","3,50","8,50"
CAPACITOR DE 1000-1200-2,"5,50","3,85","9,35"
CAPACITORES DE MARCHA,,,
CAPACITOR  5  MFD,"1,20","0,84","2,04"
"CAPACITOR  7,5 MFD ","1,24","0,87","2,11"
CAPACITOR 10 MFD,"1,28","0,90","2,18"
"CAPACITOR 12,5 MFD","1,30","0,91","2,21"
CAPACITOR 15 MFD,"1,38","0,97","2,35"
"CAPACITOR 17,5 MFD","1,56","1,09","2,65"
CAPACITOR 20 MFD,"1,80","1,26","3,06"
CAPACITOR 25 MFD,"1,89","1,32","3,21"
CAPACITOR 30 MFD,"2,46","1,72","4,18"
CAPACITOR 35MFD,"2,50","1,75","4,25"
CAPACITOR 40 MFD,"2,60","1,82","4,42"
CAPACITOR 45 MFD,"2,78","1,95","4,73"
CAPACITOR 50 MFD,"2,81","1,97","4,78"
CAPACITOR 55 MFD,"2,87","2,01","4,88"
CAPACITOR 60 MFD,"2,89","2,02","4,91"
CAPACITOR 70 MFD,"3,40","2,38","5,78"
CAPACITOR 80 MFD,"4,21","2,95","7,16"
CAPACITOR 410 MFD  410 VAC,"4,00","2,80","6,80"
CAPACITORES  DE 3 POLOS ,,,
CAPACITOR 15 +5 MFD,"1,87","1,31","3,18"
CAPACITOR 20 +5 MFD,"2,00","1,40","3,40"
CAPACITOR 25 + 5 MFD,"2,10","1,47","3,57"
CAPACITOR 30 + 5  MFD,"2,25","1,58","3,83"
CAPACITOR 35 + 5 MFD,"2,40","1,68","4,08"
CAPACITOR 40 + 5 MFD,"2,60","1,82","4,42"
CAPACITOR 45 + 5 MFD,"2,95","2,07","5,02"
CAPACITOR 50 +5 MFD,"3,00","2,10","5,10"
CAPACITOR 55 +5 MFD,"3,20","2,24","5,44"
CAPACITOR 60 +5 MFD ,"3,50","2,45","5,95"
CAPACITORES  UNIDAD CONDENSADORA  FAN,,,
CAPACITOR  1 MFD  250V  Y 440V,"0,60","0,42","1,02"
"CAPACITOR  1,5 MFD  250V  Y 440V","0,60","0,42","1,02"
CAPACITOR  2 MFD  250V  Y 440V,"0,60","0,42","1,02"
"CAPACITOR  1,5 MFD  250V  Y 440V","0,60","0,42","1,02"
CAPACITOR  2  MFD  250V  Y 440V,"0,60","0,42","1,02"
"CAPACITOR  2,5  MFD  250V  Y 440V","0,60","0,42","1,02"
CAPACITOR  3 MFD  250V  Y 440V,"0,60","0,42","1,02"
"CAPACITOR  3,5 MFD  250V  Y 440V","0,60","0,42","1,02"
CAPACITOR  4  MFD  250V  Y 440V,"0,66","0,46","1,12"
"CAPACITOR 4,5  MFD  250V  Y 440V","0,75","0,53","1,28"
CAPACITOR 5 MFD  250V  Y 440V,"0,76","0,53","1,29"
"CAPACITOR 5,5  MFD  250V  Y 440V","0,85","0,60","1,45"
CAPACITOR 6  MFD  250V  Y 440V,"0,86","0,60","1,46"
"CAPACITOR 6,5  MFD  250V  Y 440V","0,90","0,63","1,53"
CAPACITOR 7  MFD  250V  Y 440V,"0,90","0,63","1,53"
"CAPACITOR 7,5  MFD  250V  Y 440V","1,00","0,70","1,70"
CAPACITOR 8   MFD  250V  Y 440V,"1,20","0,84","2,04"
CAPILAR  X ROLLO,,,
CAPILAR O26,"13,05","9,14","22,19"
CAPILAR O31,"14,48","10,14","24,62"
CAPILAR O36,"14,02","9,81","23,83"
CAPILAR O42,"14,94","10,46","25,40"
CAPILAR O46,"15,00","10,50","25,50"
CAPILAR O49,"18,52","12,96","31,48"
CAPILAR O54,"22,20","15,54","37,74"
CAPILAR O59,"23,50","16,45","39,95"
CAPILAR O64,"24,00","16,80","40,80"
CAPILAR O70,"25,87","18,11","43,98"
CAPILAR O72,"26,50","18,55","45,05"
CAPILAR  X METRO,,,
CAPILAR O26,"0,43","0,30","0,73"
CAPILAR O31,"0,45","0,32","0,77"
CAPILAR O36,"0,47","0,33","0,80"
CAPILAR O42,"0,50","0,35","0,85"
CAPILAR O46,"0,50","0,35","0,85"
CAPILAR O49,"0,62","0,43","1,05"
CAPILAR O54,"0,74","0,52","1,26"
CAPILAR O59,"0,78","0,55","1,33"
CAPILAR O64,"0,80","0,56","1,36"
CAPILAR O70,"0,86","0,60","1,46"
CAPILAR O72,"0,88","0,62","1,50"
CEPILLO LIMPIA CERPENTIN,,,
CEPILLO CERPENTIN METALICO,"2,50","1,75","4,25"
CEPILLO CERPENTIN PLASTICO,"2,39","1,67","4,06"
CINTAS  PVC/GOMA ESPUMA / PRESTISTE,,,
CINTA  PVC  NO ADHESIVA EVERWELL 15 MTS,"1,50","1,05","2,55"
CINTA  PVC  MOMIA  NO ADHESIVA  15 MTS  R-CMSP-1 AR COMPONENTS,"1,50","1,05","2,55"
"CINTA DE ALUMINIO 4,8 CM X  50 MTS AFT250 R  EVERWELL","4,90","3,43","8,33"
"CINTA DE ALUMINIO 4,8 CM 27 MTS AFT   EVERWELL","2,60","1,82","4,42"
"CINTA DE PLOMO GRIS ANCHO 4,8MM X 50 MTS CDT250 EVERWELL","3,40","2,38","5,78"
"CINTA DE PLOMO GRIS ANCHO 4,8MM X 10 MTS","2,40","1,68","4,08"
"CINTA DE PLOMO ANCHO 4,8MM X 55 MTS     RCD-1  AR COMPONENTS","3,10","2,17","5,27"
CINTA AISLANTE DE GOMA ESPUMA (FOAM),"4,63","3,24","7,87"
CINTA AISLANTE DE CORCHO PRETISTE,"7,40","5,18","12,58"
CODOS,,,
"CODOS DE COBRE  1/8""","0,40","0,28","0,68"
"CODOS DE COBRE 1/4""","0,40","0,28","0,68"
"CODOS DE COBRE  5/16""","0,40","0,28","0,68"
"CODOS DE COBRE 3/8""","0,50","0,35","0,85"
"CODOS DE COBRE 1/2""","0,50","0,35","0,85"
"CODOS DE COBRE 5/8""","1,00","0,70","1,70"
"CODOS DE COBRE 3/4""  ","1,00","0,70","1,70"
"CODOS DE COBRE 7/8""","1,00","0,70","1,70"
"CODOS DE COBRE  1""","1,40","0,98","2,38"
CODOS DE COBRE  1 1/8  90G,"1,40","0,98","2,38"
,,"0,5",V/U
COMPRESORES A/A   BAUTZEN,, GANA $,$
COMPRESOR ROTATIVO BAUTZEN 12 KBTU R22 220V  BCLBH170-DJ,"78,50","39,25","117,75"
COMPRESOR ROTATIVO BAUTZEN 18 KBTU R22 220V ,"88,50","44,25","132,75"
COMPRESORES A/A   BRISTOL,,,
COMPRESOR ROTATIVO BRISTOL 60 KBTU R22 220V  H23A623ABCA,"390,00","195,00","585,00"
COMPRESORES A/A   HIGHTLY,,,
COMPRESOR ROTATIVO HIGHTYL 12 KBTU R22 220V  SG173SN-H6CU,"78,50","39,25","117,75"
COMPRESOR ROTATIVO HIGHTYL 18 KBTU R22 220V HS264DS-C7HQ1H,"88,50","44,25","132,75"
COMPRESOR ROTATIVO  HIGHLY 22.557 (24 BKTU)  R22 220V  SHY73MC4-U,"98,50","49,25","147,75"
COMPRESOR ROTATIVO HIGHLY 24 BKTU R22 220V  SH356DG-C8LU,"98,50","49,25","147,75"
COMPRESORES A/A  COPELAND,,,
COMPRESOR  COPELAND SCROLL 36K BTU R22 220V ZR36KC-PFV-522,"290,00","145,00","435,00"
COMPRESOR  COPELAND SCROLL 60K BTU R22 330V ZR61KCE-TF5-930,"413,00","206,50","619,50"
COMPRESORES A/A  LG,,,
COMPRESOR ROTATIVO LG 12 KBTU R22 220V  QKS168KMB,"78,50","39,25","117,75"
COMPRESOR ROTATIVO LG 18 KBTU R22 220V HS286GD-C7HG,"88,50","44,25","132,75"
COMPRESOR ROTATIVO LG 24 BKTU R22 220V  QP325KCB,"98,50","49,25","147,75"
COMPRESORES A/A  PANASONIC,,,
COMPRESOR SCROLL  PANASONIC   38 KBTU  (3T ) R22 220V SCBR120H16A,"290,00","145,00","435,00"
COMPRESOR ROTATIVO  PANASONIC  58 KBTU  (5T)  R22 220V SCBR165H16A,"330,00","165,00","495,00"
COMPRESOR SCROLL  PANASONIC  60  KBTU  (5T) R22 330V  C5B353H6B,"306,50","153,25","459,75"
"COMPRESOR SCROLL  PANASONIC  90 KBTU  (7,5)  R22 TRIFASICO  208/230V  3 PH  60HZ  ","769,00","384,50","1.153,50"
COMPRESOR SCROLL  PANASONIC  120 KBTU (10T)  R22  TRIFASICO  208/230V  3 PH  60HZ  ,"825,00","412,50","1.237,50"
COMPRESORES A/A  TECUMSEH,,,
COMPRESOR  RECIPROCANTE  5T 60KBTU  3PH 60 HZ R22  MARCA TECUMSEH,"470,00","235,00","705,00"
COMPRESOR  RECIPROCANTE  3T 36KBTU  1PH 50/60 HZ R22  MARCA TECUMSEH  AV125ET ACEITE POE,"360,00","180,00","540,00"
COMPRESORES PARA NEVERA  R134  MARCA  BAUTZEN,,,
COMPRESOR BAUTZEN  134   1/3  HP  110V     QD110HC,"66,00","33,00","99,00"
COMPRESOR BAUTZEN  134   1/4  HP  110V     QC65HC,"58,00","29,00","87,00"
COMPRESOR BAUTZEN  134   1/5  HP  110V     QD75HD,"56,00","28,00","84,00"
COMPRESOR BAUTZEN  134   1/6  HP  110V     QD52HC,"51,00","25,50","76,50"
COMPRESORES PARA NEVERA  R134  MARCA  EMBRACO,,,
COMPRESOR  EMBRACO  1/3  HP  1050 BTU R134  3 TUBOS  EGAS 100HLR  CSR LMBP 110V,"74,99","37,50","112,49"
COMPRESOR  EMBRACO  1/4  HP  820 BTU R134  3 TUBOS  EGAS 80HLP  CSR LMBP 110V,"71,50","35,75","107,25"
COMPRESORES PARA NEVERA  R134  MARCA  CUBIGEL,,,
COMPRESOR CUBIGEL R404 1 1/2+ HP 20952 BTU EN MEDIA Y BAJA 220V CSIR HMBP   MS34TG,"235,00","117,50","352,50"
COMPRESOR CUBIGEL R22   1 HP 14534 BTU EN MEDIA 220V CSR HMBP C/VALVULA  S26TG,"266,00","133,00","399,00"
COMPRESOR CUBIGEL 134   3/4+ HP  SELLADO 9926 BTU MEDIA 220V CSIR HMBP C/VALVULA GS26TG,"205,00","102,50","307,50"
COMPRESOR CUBIGEL 134  1/2 HP SELLADO 6190 BTU BAJA 115V HBP  GPY16RDB,"99,00","49,50","148,50"
COMPRESOR CUBIGEL 134 1/3+ BAJA  HP 1091 BTU EN ALTA 110V 3 TUBOS CSR LMBP GYL12RRB,"91,00","45,50","136,50"
COMPRESOR CUBIGEL 134 1/3+ ALTA HP 4143 BTU EN BAJA  110V 3 TUBOS CSR HBP GYL12NRB,"84,00","42,00","126,00"
COMPRESOR CUBIGEL  134   1/4  786 BTU EN BAJA  110V 3 TUBOS CSR LMBP  GUY70NRC ,"72,00","36,00","108,00"
COMPRESOR CUBIGEL  134   1/5 HP 738 BTU EN BAJA  110V  3 TUBOS CSR LMBP GUY60NRC,"72,00","36,00","108,00"
COMPRESOR CUBIGEL   134   1/6  HP 615 BTU EN BAJA 110V 3 TUBOS CSR LMBP  GL60ADB,"67,00","33,50","100,50"
COMPRESORES PARA NEVERA  R134 DHEK,,,
COMPRESOR DHEK R134 1/3 HP 110V DGFM93YS,"55,00","27,50","82,50"
COMPRESORES PARA NEVERA  R134  MARCA DANFOSS,,,
COMPRESOR DANFOSS  R134 1/6 HP 110V H TFS4-5FT,"69,00","37,50","106,50"
COMPRESORES PARA NEVERA  R134  MARCA PR,,,
COMPRESOR PR  R134 EN BAJA    1/2  HP  110V    ,"80,00","40,00","120,00"
COMPRESOR PR  R134 EN BAJA    1/3  HP  110V    ,,"0,00","0,00"
COMPRESOR PR  R134 EN BAJA    1/4 HP  110V    ,,"0,00","0,00"
COMPRESOR PR  R134 EN BAJA    1/5  HP  110V    ,,"0,00","0,00"
COMPRESOR PR  R134 EN BAJA    1/6  HP  110V    ,,"0,00","0,00"
CONEXIONES PARA TUBERIA DE PLASTICO,,,
CONEXI흁  0912  X 5/8    (3/8),"2,40","1,68","4,08"
CONEXI흁  0912  X 7/16  (1/4),"2,20","1,54","3,74"
CONEXI흁  1216 X 3/4    (1/2),"3,20","2,24","5,44"
CONEXI흁  1620 X 7/8    (5/8),"5,20","3,64","8,84"
CONTACTOR,,,
CONTACTOR 2  POLOS  30/40    AMP   24  VAC    EVERWELL,"7,04","4,93","11,97"
CONTACTOR 2  POLOS  30/40    AMP   120 VAC   EVERWELL,"7,04","4,93","11,97"
CONTACTOR 2 POLOS   30/40    AMP   240 VAC   EVERWELL,"7,04","4,93","11,97"
CONTACTOR 2  POLOS  50/60    AMP   24VAC       EVERWELL,"19,60","13,72","33,32"
CONTACTOR 2  POLOS  50/60    AMP   120 VAC   EVERWELL,"19,60","13,72","33,32"
CONTACTOR 2 POLOS   50 /60   AMP   240 VAC    EVERWELL,"19,60","13,72","33,32"
CONTACTOR 3 POLOS   30/40    AMP   24 VAC     EVERWELL,"7,04","4,93","11,97"
CONTACTOR 3 POLOS   30/40    AMP  120 VAC   EVERWELL,"7,04","4,93","11,97"
CONTACTOR 3 POLOS   30/40     AMP 240 VAC   EVERWELL,"7,04","4,93","11,97"
CONTACTOR 3 POLOS   50/60    AMP  24 VAC      EVERWELL,"18,81","13,17","31,98"
CONTACTOR 3 POLOS   50 /60    AMP  120 VAC   EVERWELL,"18,81","13,17","31,98"
CONTACTOR 3 POLOS   50/60      AMP 240 VAC   EVERWELL,"18,81","13,17","31,98"
CONTACTOR 3 POLOS         75    AMP  240 VAC    EVERWELL,"42,24","29,57","71,81"
CONTACTOR 3 POLOS  30/40     AMP  220 VAC    SIEMENS,"50,00","35,00","85,00"
CONTACTOR 3 POLOS         45    AMP  220V         SIEMENS,"11,00","7,70","18,70"
CONTROL REMOTO,,,
CONTROL UNIVERSAL A/ACONDICONADO EDISSON 1000 CODIGOS,"4,81","3,37","8,18"
CONTROL UNIVERSAL  A/ACONDICIONADO EVERWELL 6000 CODIGOS,"3,63","2,54","6,17"
CONTROL UNIVERSAL  AMANA  A/ACONDICIONADO,"1,00","0,70","1,70"
CONTROL UNIVERSAL TV  VARIAS MARCAS,"2,00","1,40","3,40"
CONTROLADORES DIGITAL  DE REFRIGERACION(FULL GAUGE),,,
CONTROL DE A/A DIGITAL PARA CALEFACCION O REFRIGERACION CON (1) SENSOR   MT 512E    LOG 13 ,"40,00","28,00","68,00"
CONTROL DE A/A DIGITAL PARA CALEFACCION O REFRIGERACION CON (1) SENSOR DATA INTERNA  MT 512EL  LOG 09 ,"55,00","38,50","93,50"
CONTROL DE A/A DIGITAL PARA CALEFACCION O REFRIGERACION CON (2) SENSORES DATA INTERNA TC 900E LOG 03 ,"60,00","42,00","102,00"
COPAS,,,
"COPAS DE BRONCE  1/8""","0,45","0,32","0,77"
"COPAS DE BRONCE 1/4""","0,47","0,33","0,80"
"COPAS DE BRONCE 5/16""","0,50","0,35","0,85"
"COPAS DE BRONCE 3/8""","0,65","0,46","1,11"
"COPAS DE BRONCE  1/2""","0,80","0,56","1,36"
"COPAS DE BRONCE 9/16""","0,90","0,63","1,53"
"COPAS DE BRONCE 5/8""","0,90","0,63","1,53"
"COPAS DE BRONCE 3/4""","1,41","0,99","2,40"
"COPAS DE BRONCE 7/8""","1,50","1,05","2,55"
"COPAS DE BRONCE 1""","1,50","1,05","2,55"
CORTA CAPILAR,,,
CORTA CAPILAR,"2,69","1,88","4,57"
CORTA TUBO ,,,
CORTA TUBO GRANDE  PARA TUBERIA DE COBRE,"4,50","3,15","7,65"
CORTA TUBO PEQUE헲 PARA TUBERIA DE COBRE,"1,90","1,33","3,23"
CORTA TUBO PARA TUBERIA DE PLASTICO,"18,00","12,60","30,60"
DESTORNILLADOR ,,,
DESTORNILLADOR  1/4    ,"1,43","1,00","2,43"
DESTORNILLADOR  5/16 ,"1,43","1,00","2,43"
DESTORNILLADOR 3/8,"1,43","1,00","2,43"
DETECTOR DE FUGAS,,,
DETECTOR DE FUGA HLD-100  R134/ R12/ R22,"34,45","24,12","58,57"
DIELECTRICOS,,,
DIELECTRICO  1LTR  RQ5,"4,00","2,80","6,80"
DIELECTRICO  800 GR,"3,53","2,47","6,00"
DIELECTRICO  1/2  LTR,"3,00","2,10","5,10"
DIELECTRICO DESENGRASANTE   475 GR,"3,80","2,66","6,46"
DOBLA TUBO ,,,
DOBLA TUBO  3 EN 1  1/4- 5/16- 3/8,"9,00","6,30","15,30"
DUCTO DE A/A,,,
DUCTO PARA A/A  PORTATIL  5 PULGADAS X  3 MTS CON ABRAZADERA,"8,00","5,60","13,60"
EMPACADURAS,,,
EMPACADURA PARA COMPRESOR COPELAND SERIE K  KRINGER   1  1/2 HP,"17,00","11,90","28,90"
EMPACADURA PARA COMPRESOR COPELAND SERIE K  KRINGER   1 HP,"17,00","11,90","28,90"
EMPACADURA PARA COMPRESOR COPELAND SERIE K  KRINGER   3/4 HP,"17,00","11,90","28,90"
EMPACADURA PARA COMPRESOR COPELAND SERIE K  KRINGER    1/2 HP,"17,00","11,90","28,90"
EXPANSOR/ENSANCHADOR,,,
EXPANSOR DE TUBERIA DE COBRE,"2,60","1,82","4,42"
EXPANSOR DE TUBERIA  PLASTICA  GRANDE ,"7,00","4,90","11,90"
EXPANSOR DE TUBERIA PLASTICA  PEQUE헲,"6,00","4,20","10,20"
EXTRACTOR Y MOTOR AXIAL,,,
EXTRACTOR FAN   110VAC,"28,66","20,06","48,72"
"EXTRACTOR AXIAL  FAN   110VAC   14"" 350MM  RF27B03DY-60","39,85","27,90","67,75"
FILTRO EN LINEA,,,
FILTRO EN LINEA ROSCA  DE 1/4   032       1 T             EVERWELL,"3,60","2,52","6,12"
"FILTRO EN LINEA DE ROSCA 1/4   052        1-1,5 T      EVERWELL","4,46","3,12","7,58"
"FILTRO EN LINEA DE ROSCA  1/4  082        1-1,5 T      EVERWELL","5,44","3,81","9,25"
"FILTRO EN LINEA DE ROSCA  1/4  162        2-2,5 T      EVERWELL","5,60","3,92","9,52"
"FILTRO EN LINEA DE ROSCA  3/8  053       1,5-2,5 T    EVERWELL","4,31","3,02","7,33"
FILTRO EN LINEA DE ROSCA  3/8 083        2-3 T           EVERWELL,"5,00","3,50","8,50"
FILTRO EN LINEA DE ROSCA  3/8  163       3-4T            EVERWELL,"5,60","3,92","9,52"
FILTRO EN LINEA DE ROSCA  3/8  163       3-4T            KIELMANN,"5,15","3,61","8,76"
FILTRO EN LINEA DE  ROSCA  3/8  303      3-6T            KIELMANN,"8,57","6,00","14,57"
FILTRO EN LINEA DE   ROSCA  3/8  033    3/4  1 T        EVERWELL,"5,80","4,06","9,86"
FILTRO EN LINEA DE  ROSCA  1/2   084      3-5T            EVERWELL,"5,90","4,13","10,03"
FILTRO EN LINEA DE  ROSCA 1/2   164       4-5T            EVERWELL,"6,00","4,20","10,20"
FILTRO EN LINEA DE  ROSCA 1/2   164       4-5T            KIELMANN,"6,50","4,55","11,05"
FILTRO EN LINEA DE  ROSCA 1/2   304      10T             KIELMANN,"8,66","6,06","14,72"
"FILTRO EN LINEA DE ROSCA  1/2    414     7,5 -10T      EVERWELL","6,20","4,34","10,54"
FILTRO EN LINEA DE ROSCA  5/8    165      10T             EVERWELL,"6,25","4,38","10,63"
FILTRO EN LINEA DE ROSCA  5/8    415     10-12T       EVERWELL,"6,30","4,41","10,71"
FILTRO EN LINEA DE ROSCA  5/8    305                        KIELMANN,"8,86","6,20","15,06"
FILTRO EN LINEA DE ROSCA  5/8    305                        TOPFLO,"16,59","11,61","28,20"
FILTRO EN LINEA DE ROSCA  5/8    EK305 SAE,"18,00","12,60","30,60"
FILTRO EN LINEA DE ROSCA  7/8    EK-307S  ODF SOLDABLE,"19,00","13,30","32,30"
FILTRO SOLDABLE,,,
FITRO  10GR,"1,10","0,77","1,87"
FILTRO 15GR,"0,91","0,64","1,55"
FILTRO 20GR,"1,20","0,84","2,04"
FITRO   25 GR,"1,50","1,05","2,55"
FITRO   25 GR CON VALVULA DE SERVICIO,"1,70","1,19","2,89"
FITRO   30 GR,"1,70","1,19","2,89"
FITRO   31 GR  TOP FLO,"2,60","1,82","4,42"
FITRO ROSCABLE  DE COBRE  DE 1/4,"2,40","1,68","4,08"
FILTRO STRAINER  DE  2  Y  3  VIAS  CON MALLA  ,"1,20","0,84","2,04"
FILTRO DE PIEDRA EN LATA  H-48,"6,68","4,68","11,36"
FILTRO DE PIEDRA EN LATA   D-48  AR COMPONENTS,"8,00","5,60","13,60"
FILTRO  PURIFICADOR DE AGUA  PARA NEVERA WAPCO  1/4,"7,00","4,90","11,90"
FLARE  CONEXIONES,,,
"FLARE DE BRONCE  DE 1/4  X 1/4""  MACHO-MACHO","0,80","0,56","1,36"
"FLARE DE BRONCE  3/8"" X 3/8"" MACHO-MACHO","0,90","0,63","1,53"
"FLARE DE BRONCE  1/2""  X 1/2""  MACHO-MACHO","1,20","0,84","2,04"
"FLARE DE BRONCE 5/8""  X  5/8"" MACHO-MACHO","1,50","1,05","2,55"
FLOW,,,
FLOW GRANDE 1LTR,"2,64","1,85","4,49"
FLOW PEQUE헲  TETERITO  60ML,"0,95","0,67","1,62"
FORROS PARA MANTENIMIENTO DE A/A,,,
FORROS  PARA LAVAR HASTA 18 BTU,"7,56","5,29","12,85"
FORROS  PARA LAVAR HASTA 36 BTU,"8,88","6,22","15,10"
FUNDENTE,,,
FUNDENTE,"1,50","1,05","2,55"
GOMAS PARA MANGUERA ,, ,
GOMAS PARA MAGUERA MANOMETRO (O-RING) PAQ DE 6 UNIDADES,"0,50","0,35","0,85"
GOMAS PARA MAGUERA MANOMETRO (O-RING) X UNIDAD,"0,10","0,07","0,17"
GRASA ,,,
GRASA SPPED 7 PARA CHASIS 250GR,"5,00","3,50","8,50"
GUSANILLO PARA A/A Y REFRIGERACION,,,
GUSANILLOS PEQUE헲S  ,"0,59","0,41","1,00"
GUSANILLOS MEDIANOS ,"1,17","0,82","1,99"
GUSANILLOS GRANDES,"1,17","0,82","1,99"
KITS DE GOMAS,,,
GOMAS DE COMPRESOR  12/18/24 KBTU ,"1,80","1,26","3,06"
KITS FABRICADOR DE HIELO,,,
KIT DE INSTALACION FABRICADOR DE LSV-2K,"5,00","3,50","8,50"
LAPIZ LACO TIZA VERDE ORIGINAL ,,,
LAPIZ LACO TIZA VERDE ORIGINAL ,"17,85","12,50","30,35"
LLAVE RACHET,,,
LLAVE  RACHET,"2,80","1,96","4,76"
LLAVE DE BOMBONA,,,
LLAVE DE BOMBONA,"3,14","2,20","5,34"
LLAVE DE HUESO,,,
LLAVE DE HUESO,"1,18","0,83","2,01"
LLAVE DE GRIFO,,,
LLAVE PARA ENFRIADOR DE AGUA  ROJO  MACHO  ( GRIFO),"1,50","1,05","2,55"
LLAVE PARA ENFRIADOR DE AGUA  AZUL  HEMBRA (GRIFO),"1,50","1,05","2,55"
MANGUERAS /MANOMETRO/MOTORES,,,
"MANGUERA DE MANOMETRO 36"" EVERWELL","6,00","4,20","10,20"
"MANGUERA DE MANOMETRO 36"" MAXLES","8,59","6,01","14,60"
"MANGUERA DE MANOMETRO 60""  EVERWELL","5,68","3,98","9,66"
"MANGUERA DE MANOMETRO 36"" AR  COMPONENTS","5,00","3,50","8,50"
"MANGUERA DE MANOMETRO 60""  AR COMPONENTS","6,00","4,20","10,20"
MANGUERA DESAGUE SPLIT TIPO TRIPA DE POLLO,"1,00","0,70","1,70"
MANOMETROS,,,
MANOMETRO CON MANGUERA  R12/R22/R502   EVERWELL,"18,00","12,60","30,60"
MANOMETRO CON MANGUERA  R410/R404/R22   EVERWELL,"24,00","16,80","40,80"
MANOMETRO CON MANGUERA  R134/R404/R22   EVERWELL,"24,00","16,80","40,80"
MANOMETRO CON MANGUERA DIGITAL    EVERWELL,"103,00","72,10","175,10"
MANOMETRO SOLO DE BAJA  SIN MANGUERA,"6,00","4,20","10,20"
MICROMOTORES,,,
"MICROMOTOR CERAMICA GE 9,75  V DC  3,25 WATTS CON CABLE Y CON SENSOR      (PANASONIC) ","18,48","12,94","31,42"
"MICROMOTOR CERAMICA GE 9,75  V DC  3,25 WATTS CON CABLE SIN  SENSOR          (PANASONIC)","13,20","9,24","22,44"
"MICROMOTOR CERAMICA SIN CABLE NO. 7, 9 12            (SAMSUNG)","16,50","11,55","28,05"
"MICROMOTOR CERAMICA CON SENSOR  9,75V 3,25  W  WR60X10074    ( MASLEX)","14,00","9,80","23,80"
"MICROMOTOR CERAMICA SIN  SENSOR  9,75V 3,25    W  WR60X10185      ( MASLEX)","11,00","7,70","18,70"
MICROMOTOR CERAMICA  HAIER  13 VDC  DLA5985H,"20,00","14,00","34,00"
"MICROMOTOR  SANSUMG DA31 00146E  12V  3,21W  0,26 AMP  2620 RPM 4T","12,00","8,40","20,40"
"MICROMOTOR  SAMSUNG  12 VDC  3,48W  0,29 AMP  2770 RPM","15,00","10,50","25,50"
"MICROMOTOR  SAMSUNG  LM 052 EJE  GRUESO  120V  60HZ 0,15A  RPM3000","6,80","4,76","11,56"
MICROMOTOR  SAMSUNG  LM3210   EJE  FINO  CON CONECTOR,"6,80","4,76","11,56"
MICROMOTOR  LG  LM 02J   EJE  FINO  ,"6,80","4,76","11,56"
"MICROMOTOR  LG  LM 025  EJE  GRUESO   120V  60HZ 0,15A  RPM3000","6,80","4,76","11,56"
"MICROMOTOR  LG  EJE GRUEO EJE LARGO 12W  1,18AMP 3200RPM  4680JB1026F ","11,00","7,70","18,70"
"MICROMOTOR  DAEWOOD D4612AAAA20 E/F 13V  3,3W 0,233 AMP 2050 RPM","10,00","7,00","17,00"
MICROMOTOR  LM317  MASLEX,"6,80","4,76","11,56"
MICROMOTOR  LM329  ,"6,80","4,76","11,56"
"MICROMOTOR  YZF365  5,5 WATTS 0,09 AMP 3200RPM","6,80","4,76","11,56"
"MICROMOTOR  YZF343  E/G CORTO  12 WATTS 0,25 AMP 3200 RPM C/ASPA","8,80","6,16","14,96"
"MICROMOTOR  YZF-1-6.5R E/F   6W 0,09A 3200 RPM  ","6,80","4,76","11,56"
"MICROMOTOR  YZF PCS4W C/BASE  17W 0,30 AMP 3200 RPM C/ASPA ","8,80","6,16","14,96"
MICROMOTOR  YZF SM 329,"6,80","4,76","11,56"
MICROMOTOR  EX   LM  670   CON DOS ASPAS  MASLEX,"8,80","6,16","14,96"
"MICROMOTOR  ESM55  E/G  13W  0,20 AMP  3200 RPM","6,80","4,76","11,56"
"MICROMOTOR  F61-10  E/F  110V   6,5 W  0,12 AMP 3200 RPM MASLEX  ","6,80","4,76","11,56"
"MICROMOTOR  FL2-021 8,5 WATTS 0,14 AMP 3200 RPM","6,80","4,76","11,56"
"MICROMOTOR  IS32105NPSA  DWNFO E/F  6W  0,095AMP  3200 RPM MASLEX","6,80","4,76","11,56"
"MICROMOTOR  J58-00024K E/G 6W 0,13 AMP 3200 RPM ","6,80","4,76","11,56"
"MICROMOTOR  MSP63513/2T  CCW E/CORTO 8,5WATT  0,15AMP  3200 RPM","6,80","4,76","11,56"
"MICROMOTOR  NA 14AB E/F 6,5W 0,10A 3200 RPM  ","6,80","4,76","11,56"
MICROMOTOR  RE-02WTNA,"6,80","4,76","11,56"
MICROMOTOR  UNIVERSAL 999 CRISTO  MASLEX,"6,80","4,76","11,56"
"MICROMOTOR 20009075A  E/G CORTO  BASE DIAGONAL  11 WATTS 0,20 AMP 3200 RPM","6,80","4,76","11,56"
MOTORES DE ENFRIAMIENTO  MARCA  MASLEX,,,
MOTOR  DE ENFRIAMIENTO  10W 110V  CON BASE Y ASPA ,"7,20","5,04","12,24"
MOTORES DE ENFRIAMIENTO  MARCA   AR. COMPONENTS,,,
MOTOR  DE ENFRIAMIENTO  10W 110V  CON BASE Y ASPA ,"7,20","5,04","12,24"
MOTOR  DE ENFRIAMIENTO  18W 110V  CON BASE Y ASPA,,,"0,00"
MOTOR  DE ENFRIAMIENTO  25W 110V  CON BASE Y ASPA ,,,"0,00"
MOTOR  DE ENFRIAMIENTO  34W 110V  CON BASE Y ASPA ,,,"0,00"
MOTOR  DE ENFRIAMIENTO  50W 110V  CON BASE Y ASPA ,,,"0,00"
MOTOR  DE ENFRIAMIENTO  10W 220V  CON BASE Y ASPA ,,,"0,00"
MOTOR  DE ENFRIAMIENTO  18W 220V  CON BASE Y ASPA ,,,"0,00"
MOTOR  DE ENFRIAMIENTO  25W 220V  CON BASE Y ASPA ,,,"0,00"
MOTOR  DE ENFRIAMIENTO  34W 220V  CON BASE Y ASPA ,,,"0,00"
MOTOR  DE ENFRIAMIENTO  50W 220V  CON BASE Y ASPA ,,,"0,00"
MOTORES DE ENFRIAMIENTO  MARCA   EVERWELL,,,
MOTOR  DE ENFRIAMIENTO  10W 110V  CON BASE Y ASPA EVERWELL,"9,00","6,30","15,30"
MOTOR  DE ENFRIAMIENTO  18W 110V  CON BASE Y ASPA EVERWELL,"10,97","7,68","18,65"
MOTOR  DE ENFRIAMIENTO  25W 110V  CON BASE Y ASPA EVERWELL,"13,27","9,29","22,56"
MOTOR  DE ENFRIAMIENTO  34W 110V  CON BASE Y ASPA EVERWELL,"13,50","9,45","22,95"
MOTOR  DE ENFRIAMIENTO  50W 110V  CON BASE Y ASPA EVERWELL,"14,00","9,80","23,80"
MOTOR  DE ENFRIAMIENTO  10W 220V  CON BASE Y ASPA EVERWELL,"11,00","7,70","18,70"
MOTOR  DE ENFRIAMIENTO  18W 220V  CON BASE Y ASPA EVERWELL,"11,97","8,38","20,35"
MOTOR  DE ENFRIAMIENTO  25W 220V  CON BASE Y ASPA EVERWELL,"14,50","10,15","24,65"
MOTOR  DE ENFRIAMIENTO  34W 220V  CON BASE Y ASPA EVERWELL,"15,00","10,50","25,50"
MOTOR  DE ENFRIAMIENTO  50W 220V  CON BASE Y ASPA EVERWELL,"16,00","11,20","27,20"
MOTORES DE ENFRIAMIENTO  MARCA   MOTORVENCA,,,
MOTOR  DE ENFRIAMIENTO  5W 110V    1550 RPM  SIN BASE NI ASPA,"11,12","7,78","18,90"
MOTOR  DE ENFRIAMIENTO  10W 110V  1550 RPM SIN BASE NI ASPA,"11,74","8,22","19,96"
MOTOR  DE ENFRIAMIENTO  12W 110V  1550  RPM SIN BASE NI ASPA ,"13,47","9,43","22,90"
MOTOR  DE ENFRIAMIENTO  18W 110V  1550 RPM SIN BASE NI ASPA,"13,60","9,52","23,12"
MOTOR  DE ENFRIAMIENTO  25W 110V   1550 RPM SIN BASE NI ASPA ,"17,83","12,48","30,31"
MOTOR  DE ENFRIAMIENTO  34W 110V   1550 RPM SIN BASE NI ASPA ,"19,80","13,86","33,66"
MOTOR  DE ENFRIAMIENTO  37W 110V  1625 RPM SIN BASE NI ASPA ,"21,63","15,14","36,77"
MOTOR  DE ENFRIAMIENTO  50W 110V   1625  RPM SIN BASE NI ASPA,"24,85","17,40","42,25"
MOTOR  DE ENFRIAMIENTO  10W 220V  1550 RPM SIN BASE NI ASPA             ,"12,98","9,09","22,07"
MOTOR  DE ENFRIAMIENTO  18W 220V    1550 RPM SIN BASE NI ASPA                    ,"15,45","10,82","26,27"
MOTOR  DE ENFRIAMIENTO  25W 220V   1550 RPM  SIN BASE NI ASPA ,"19,38","13,57","32,95"
MOTOR  DE ENFRIAMIENTO  34W 220V   1550  RPM SIN BASE NI ASPA ,"20,39","14,27","34,66"
MOTOR  DE ENFRIAMIENTO  37W 220V  1625 RPM SIN BASE NI ASPA,"23,11","16,18","39,29"
MOTOR  DE ENFRIAMIENTO  50W 220V   1625  RPM  SIN BASE NI ASPA,"25,51","17,86","43,37"
MOTORES DE ENFRIAMIENTO  MARCA   KIELMANN,,,
MOTOR  DE ENFRIAMIENTO  10W 110V  SIN BASE NI ASPA KIELMANN,"9,00","6,30","15,30"
MOTOR  DE ENFRIAMIENTO  18W 110V  SIN BASE NI ASPA KIELMANN, ,,
MOTOR  DE ENFRIAMIENTO  25W 110V  SIN BASE NI ASPA KIELMANN, ,,
MOTOR  DE ENFRIAMIENTO  34W 110V  SIN BASE NI ASPA KIELMANN, ,,
MOTOR  DE ENFRIAMIENTO  50W 110V  SIN BASE NI ASPA KIELMANN, ,,
MOTOR  DE ENFRIAMIENTO  10W 220V  SIN BASE NI ASPA KIELMANN, ,,
MOTOR  DE ENFRIAMIENTO  18W 220V  SIN BASE NI ASPA KIELMANN,  ,,
MOTOR  DE ENFRIAMIENTO  25W 220V  SIN BASE NI ASPA KIELMANN, ,,
MOTOR  DE ENFRIAMIENTO  34W 220V  SIN BASE NI ASPA KIELMANN,"14,77","10,34","25,11"
MOTOR  DE ENFRIAMIENTO  50W 220V  SIN BASE NI ASPA KIELMANN,"29,99","20,99","50,98"
MOTORES MINI SPLIT DE LA UNIDAD EVAPORADORA MARCA: AR COMPONENTS,,,
MOTOR DE TURBINA DE LA EVAPORADORA A/A  12 WATTS  220V  UN EJE YDK  ,"9,67","6,77","16,44"
MOTOR DE TURBINA DE LA EVAPORADORA A/A  18 WATTS  220V  UN EJE YDK  ,"11,21","7,85","19,06"
MOTOR DE TURBINA DE LA EVAPORADORA A/A  22 WATTS  220V  UN EJE YDK  ,"12,35","8,65","21,00"
MOTOR DE TURBINA DE LA EVAPORADORA A/A  26 WATTS  220V  UN EJE YDK  ,"13,46","9,42","22,88"
MOTOR DE TURBINA DE LA EVAPORADORA A/A  35 WATTS  220V  UN EJE YDK  ,"15,85","11,10","26,95"
MOTORES MINI SPLIT DE LA UNIDAD  CONDENDADORA AR COMPONENTS,,,
MOTOR  MINI SPLIT CONDENSADOR  30  WATTS    220V,"15,00","10,50","25,50"
MOTOR  MINI SPLIT CONDENSADOR  35  WATTS    220V,"16,00","11,20","27,20"
MOTOR  MINI SPLIT CONDENSADOR  40 WATTS    220V,"17,00","11,90","28,90"
MOTORES DE LA UNIDAD CONDENSADORA  MARCA ROSTOCK,,,
MOTOR  DE LA CONDENSADORA 220V  3/4 HP  1 EJE 1/2 PULGADA 1075 RPM ,"76,88","53,82","130,70"
MOTOR  DE LA CONDENSADORA 220V  1/2 HP  1 EJE  1/2 PULGADA  1075 RPM,"56,77","39,74","96,51"
MOTOR  DE LA CONDENSADORA 220V  1/3  HP  1 EJE  1/2  PULGADA  1075 RPM,"59,84","41,89","101,73"
MOTOR  DE LA CONDENSADORA 220V  1/4 HP   1 EJE  1/2 PULGADA  1075 RPM,"59,64","41,75","101,39"
MOTOR  DE LA CONDENSADOAR 220V  1/6 HP  1 EJE 1/2 PULGADA 1075 RPM,"15,00","10,50","25,50"
MOTOR  DE LA CONDENSADORA 220V  1/8 HP  1 EJE  1/2  PULGADA  1075 RPM,"58,39","40,87","99,26"
MOTORES DE LA UNIDAD CONDENSADORA  MARCA NIDEC  US,,,
MOTOR  DE LA CONDENSADORA 220V    1 HP    1 EJE  5/8  PULGADA 1075 RPM,"220,00","154,00","374,00"
MOTOR  DE LA CONDENSADORA 220V   3/4 HP  1  EJE  1/2  PULGADA  1075 RPM,"90,86","63,60","154,46"
MOTOR  DE LA CONDENSADORA 220V   1/2  HP 2 EJES   1/2 PULGADA  1075 RPM,"78,00","54,60","132,60"
MOTOR  DE LA CONDENSADORA 220V   1/2  HP   1 EJE  1/2  PULGADA   1075 RPM,"74,17","51,92","126,09"
MOTOR  DE LA CONDENSADORA 220V   1/3 HP  1  EJE  1/2  PULGADA  1075 RPM,"90,86","63,60","154,46"
MOTORES DE LA UNIDAD CONDENSADORA  MARCA EMERSON,,,
MOTOR DE LA CONDENSADORA 220V  1868 3/4 HP  1 EJE 1/2  PULGADA   1075 RPM,"74,17","51,92","126,09"
MOTOR DE LA CONDENSADORA 220V   1/2 HP  1 EJE  1/2 PULGADA  1075 RPM,"70,80","49,56","120,36"
MOTORES DE LA UNIDAD CONDENSADORA  DE ARTURITO Y  A/A DE VENTANA,,,
MOTOR DOBLE EJE  125W  220V  YSLA  12060016,"14,00","9,80","23,80"
ORIFICIOS ,,,
ORIFICIO   MARCA EVERWELL,"6,50","4,55","11,05"
ORIFICIO  MARCA  KIELLMAN,"10,95","7,67","18,62"
ORIFICIO  MARCA  DANFOSS,"10,00","7,00","17,00"
"O""RINGS",,,
"O""RING  PEQUE헲 Y MEDIANO","0,59","0,41","1,00"
GRANDE,"1,20","0,84","2,04"
PESOS,, ,
PESOS ELECTRONICOS 50KG,"3,50","2,45","5,95"
PICOS DE SOLDAR  ,,,
PICO PARA SOLDAR CON AUTO ENCENDEDOR EVERWELL,"20,76","14,53","35,29"
PICO PARA SOLDAR SENCILLO EVERWELL,"15,37","10,76","26,13"
PICO PARA SOLDAR SENCILLO MAXLE,"14,41","10,09","24,50"
PICO PARA SOLDAR CON MANGUERA  TK9  MOD RPS-2  AR COMPONENTS ,"24,00","16,80","40,80"
PINZAS  AMPERIMETRICAS,,,
PINZA AMPERIMETRICA DIGITAL  RCAPV AR COMPONENTS,"24,00","16,80","40,80"
PINZA AMPERIMETRO  266,"10,00","7,00","17,00"
PINZA AMPERIMETRO  MT87,"7,50","5,25","12,75"
PINZA RECOGE HERRAMENTAS,"1,97","1,38","3,35"
PRESOSTATOS EVERWELL ,,,
PRESOSTATO PL2580       R22    BAJA  25 Y 80  PSI  CABLE  AZUL,"3,70","2,59","6,29"
PRESOSTATO PH350250  R22    ALTA  250 Y 350  PSI  CABLE  NEGRO,"3,70","2,59","6,29"
PRESOSTATO PL80130     R410  BAJA  80 Y 130  PSI  CABLE  AZUL,"3,70","2,59","6,29"
PRESOSTATO PL2580       R410  ALTA  450 Y 550  PSI  CABLE  ALTA,"3,70","2,59","6,29"
PRESOSTATOS AR. COMPONENTS,,,
PRESOSTATO PR80           R22    BAJA  25 Y 80  PSI  CABLE  AZUL,"3,70","2,59","6,29"
PRESOSTATO PR250        R22    ALTA  250 Y 350  PSI  CABLE  NEGRO,"3,70","2,59","6,29"
PRESOSTATO PR130        R410  BAJA  75 Y 130  PSI  CABLE  AZUL,"3,70","2,59","6,29"
PRESOSTATO PR550        R410  ALTA  450 Y 550  PSI  CABLE  NEGRO,"3,70","2,59","6,29"
PRESOSTATOS  DE ACEITE /TEMPERATURA Y DUAL  MARCA  RANCO ,,,
PRESOSTATO RANCO 1402 PARA BAJA PRESION,"29,00","20,30","49,30"
PRESOSTATO RANCO 1408  PARA BAJA TEMPERATURA,"39,00","27,30","66,30"
PRESOSTATO RANCO 1549 DUAL AUTOMATICO  PARA BALA Y ALTA ,"54,00","37,80","91,80"
PRESOSTATO  RANCO N 5826  PARA PRESION DE ACEITE,"72,00","50,40","122,40"
PRESOSTATOS  DE ACEITE /TEMPERATURA Y DUAL  MARCA  AR. COMPONENTS ,,,
"PRESOSTATO  1402 PARA BAJA PRESION   0-50 PSI  CAPILAR DE 36""   90CM  MARCA  AR COMPONENTS","13,00","9,10","22,10"
PRESOSTATO 1549 DUAL AUTOMATICO  PARA BALA Y ALTA  AR  COMPONENTS,"18,00","12,60","30,60"
PRESOSTATOS  DE ACEITE /TEMPERATURA Y DUAL  MARCA  EVERWELL,,,
PRESOSTATO DE PRESION  100 A 450 PSI  EVERWELL 016-200 RESETEO MANUAL,"20,00","14,00","34,00"
PRESOSTATOS  DE ACEITE /TEMPERATURA Y DUAL  MARCA  QUALITY,,,
"PRESOSTATO 1402 PARA BAJA PRESION   0-50 PSI  CAPILAR DE 36""   90CM MARCA QUALITY ","10,00","7,00","17,00"
PRENSAS,,,
JUEGO DE PRENSA SIN CORTA TUBO  PTK 195,"6,00","4,20","10,20"
JUEGO  DE PRENSA CON CORTA TUBO,"10,00","2,80","12,80"
JUEGO DE PRESNSA  HASTA 1   1/8  CT-203A,"9,00","2,52","11,52"
PARILLAS CONDESADORAS PARA NEVERA,,,
PARILLA CONDESADORA NEVERA UNIVERSAL PEQUE헤 76CM ,"28,00","19,60","47,60"
PARILLA CONDESADORA NEVERA UNIVERSAL GRANDE 120CM ,"28,00","19,60","47,60"
PROTECTORES DE VOLTAGE PARA REFRIGERACION,,,
PROTECTOR DE BORNERA  110V  ,"12,30","8,61","20,91"
PROTECTOR DE BORNERA 220V  50/60 HZ  30 AMP  HASTA 36 KBTU  EVERWELL EW-V015-220,"12,30","8,61","20,91"
PROTECTOR DE BORNERA 330V,"12,30","8,61","20,91"
PROTECTOR DE ENCHUFE 110V  50/60 HZ 20AMP  HASTA 14 KBTU   EVERWELL EW-V010-120,"9,56","6,69","16,25"
PROTECTOR DE ENCHUFE 330V,"9,56","6,69","16,25"
PROTECTOR DE ENCHUFE  220V  50/60 HZ 20AMP  HASTA  14 KBTU EVERWELL  EW-V010-220,"9,56","6,69","16,25"
PROTECTOR PARA A/C AR COMPONENT  RPTAU-2,"10,00","7,00","17,00"
PROTECTOR MULTIPLE MONOFASICO  220V   R-PMI-2 AR COMPONENTS 36000 BTU Y HASTA  60000 BTU,"14,00","9,80","23,80"
PROTECTOR PARA A/C  220V  35000BTU  AR COMPONENTS,"10,00","7,00","17,00"
PROTECTOR CONTRA ALTO Y BAJO VOLTAJE A/A  Y REFRIGERACION  220V   GSM -R2208/3  EXCELINE,"22,00","15,40","37,40"
PROTECTOR PROTECTORES MONOFASICO 220V    EXCELINE,"17,00","11,90","28,90"
,,"0,2",V/U
REFRIGERANTES POR BOMBONA,, GANA $,$
"REF. BOMBONA   R22 13,6 KG DESECHABLE","71,00","14,20","85,20"
"REF. BOMBONA   R134  13,6 KG DESECHABLE","67,00","13,40","80,40"
"REF. BOMBONA R404  X 10,9 KG","67,00","13,40","80,40"
"REF. BOMBONA R410  X  11,3 KG","67,00","13,40","80,40"
REF. BOMBONA  R12 X  56 KG,"550,00","110,00","660,00"
,,,V/U
REFRIGERANTES POR LATICA Y POR  KILO,,,$
R22,,,
R134,,,
R404,,,
R410,,,
R12,,,
R22    LATA  DE  750 GR,,,
R134  LATA  1KG,,,
R134  LATA  750 GR,,,
R134  LATA 340 GR,,,
R404  LATA  600GR,,,
R410  LATA 600GR,,,
PROPANO  O PRESTOLAY  LATA DE 400GR ,,,
RELAYS,,,
RELAY PTC UNIVERSAL AMERICOLD  MARRON,"0,84","0,59","1,43"
RELAY  LG / HAIER  NEGRO ,"1,90","1,33","3,23"
RELAY DANFOSS LARGO  1/8  1/6  1/5  1/4  1/3,"3,50","2,45","5,95"
RELAY DANFOSS CORTO  1/8  1/6  1/5  1/4  1/3,"3,50","2,45","5,95"
RELAY DANFOSS   1/2   COMBINADO,"2,00","1,40","3,40"
2%,"3,50","2,45","5,95"
RELAY POTENCIAL P63 Y 64,"7,00","4,90","11,90"
RELAY POTENCIAL P63 110V  Y 64   220V  AR COMPONENTS  ,"5,00","3,50","8,50"
RELAY REDONDO 1/3  Y  1/4,"2,50","1,75","4,25"
RELAY TARJETA A/A EVAP 24V,"2,00","1,40","3,40"
RELAY TIPO  CUCARACHITA  1/12  1 1/2  HP,"2,00","1,40","3,40"
RELAY TIPO BOBINA,"2,00","1,40","3,40"
RELOJ  DE GLICERINA,,,
RELO DE GLICERINA  PRESION ALTA  0-500  PSI,"8,00","5,60","13,60"
RELO DE GLICERINA  PRESION  BAJA  0-250  PSI,"8,00","5,60","13,60"
RELOJ /TIMER PARA NEVERAS,,,
RELOJ  PARAGON PARA CAVA  220V  8145-20EX  40 AMP,"75,00","52,50","127,50"
RELOJ  PARAGON PARA CAVA DUAL 110V -220V  TODO EN 1,"75,00","52,50","127,50"
RELOJ DE NEVERA HEAVEN DUTY MEXICANO  6H  X 21 MIN,"6,80","4,76","11,56"
RELOJ DE NEVERA HEAVEN DUTY CHINO   6H  X 21 MIN,"5,80","4,06","9,86"
RELOJ DE NEVERA  PARAGON  6H X 21MIN  MEXICANO,"6,80","4,76","11,56"
RELOJ DE NEVERA  ROBERT SSHAW  6H X 21MIN  A-1401  MEXICANO,"6,80","4,76","11,56"
RELOJ DE NEVERA  UNIVERSAL DTC-621  6H X 21MIN EVERWELL/MASLEX  CHINO,"3,30","2,31","5,61"
RELOJ DE NEVERA  UNIVERSAL  DTC-820 8H X 21MIN  EVERWELL  CHINO,"3,30","2,31","5,61"
RELOJ DE NEVERA METALICOS  ELECTROLUX  6H/8H X 21M,"5,80","4,06","9,86"
RELOJ DE NEVERA LG 7H X 54MIN  110V  39-0012  MASLEX,"5,80","4,06","9,86"
RELOJ DE NEVERA SAMSUNG 6H X 40MIN  110V  39-0015  MASLEX,"5,80","4,06","9,86"
RELOJ DE NEVERA HAIER  2286AV,"5,80","4,06","9,86"
RELOJ DE NEVERA  MABE 10H X 21 MIN   ,"5,80","4,06","9,86"
RELOJ DE NEVERA  MABE 10H X 30  MIN   TMDJX35RB9  1432   ,"5,80","4,06","9,86"
RELOJ DE NEVERA  LG  /SAMSUNG 1 ARRIBA X 3 ABAJO  6H X 21MIN 8H807 ,"5,80","4,06","9,86"
RELOJ DE NEVERA WHIRPOOL  6H X 21MIN  SANKYO D2   1432,"5,80","4,06","9,86"
RELOJ DE NEVERA  LG   6H X 40MIN  60HZ  7H 54MIN 50HZ TMDE  706SA1,"5,80","4,06","9,86"
RELOJ DE PRESION PARA MANOMETROS,,,
RELOJ DE ALTA Y BAJA PRESION PARA MANOMETRO EVERWELL,"3,20","2,24","5,44"
RESISTENCIAS,,,
RESISTENCIAS DESCONGELACION DE HIERRO  36  X  13 CM  FB1-01  300W  220V,"12,00","8,40","20,40"
RESISTENCIAS DESCONGELACION DE HIERRO  37CM MABE,"5,00","3,50","8,50"
RESISTENCIAS DESCONGELACION DE HIERRO  38CM ,"5,50","3,85","9,35"
RESISTENCIAS DESCONGELACION  DE HIERRO  M40 MABE 120V 280W  40 X 9 CM,"5,60","3,92","9,52"
RESISTENCIAS DESCONGELACION DE HIERRO  41CM MABE,"5,43","3,80","9,23"
RESISTENCIAS DESCONGELACION DE HIERRO  42CM,"5,70","3,99","9,69"
"RESISTENCIAS DESCONGELACION DE HIERRO  V-16 -1 410W 220V  45,1 X 6,7  CM DIFUSOR 3/4","12,58","8,81","21,39"
RESISTENCIAS DESCONGELACION DE HIERRO  42 X 7 CM,"14,00","9,80","23,80"
RESISTENCIAS DESCONGELACION DE HIERRO  52CM,"6,50","4,55","11,05"
RESISTENCIAS DESCONGELACION DE HIERRO  53CM,"6,50","4,55","11,05"
RESISTENCIAS DESCONGELACION DE HIERRO  56CM MABE,"5,50","3,85","9,35"
RESISTENCIAS DESCONGELACION DE HIERRO  60CM,"6,70","4,69","11,39"
RESISTENCIAS DESCONGELACION DE HIERRO RECTA  80CM 300W  PUNTA VOLCAN ,"8,00","5,60","13,60"
RESISTENCIAS DESCONGELACION DE HIERRO  46 + 6 CM,"6,80","4,76","11,56"
"RESISTENCIAS DESCONGELACION DE VIDRIO 10"" GENERICA  25 cm","3,20","2,24","5,44"
"RESISTENCIAS DESCONGELACION DE VIDRIO 12"" GENERICA  30 cm","3,40","2,38","5,78"
"RESISTENCIAS DESCONGELACION DE VIDRIO 13"" GENERICA  32,5 cm","3,50","2,45","5,95"
"RESISTENCIAS DESCONGELACION DE VIDRIO 14"" GENERICA  35 cm","3,60","2,52","6,12"
"RESISTENCIAS DESCONGELACION DE VIDRIO 15"" GENERICA  37,5  cm","3,70","2,59","6,29"
"RESISTENCIAS DESCONGELACION DE VIDRIO 16"" GENERICA  40 cm","3,80","2,66","6,46"
"RESISTENCIAS DESCONGELACION DE VIDRIO 17"" GENERICA  42,5 cm","3,85","2,70","6,55"
"RESISTENCIAS DESCONGELACION DE VIDRIO 18"" GENERICA  45 cm","3,90","2,73","6,63"
"RESISTENCIAS DESCONGELACION DE VIDRIO 261  23"" GENERICA  57,5CM ","6,00","4,20","10,20"
"RESISTENCIAS DESCONGELACION DE VIDRIO 263  22"" GENERICA  55CM ","6,60","4,62","11,22"
"RESISTENCIAS DESCONGELACION DE VIDRIO 264  9"" DOBLE GENERICA  22,5  cm","6,70","4,69","11,39"
"RESISTENCIAS DESCONGELACION DE VIDRIO 303  9"" DOBLE GENERICA   22,5 cm","6,80","4,76","11,56"
"RESISTENCIAS DESCONGELACION DE VIDRIO 306  12"" DOBLE GENERICA  30 cm","7,00","4,90","11,90"
RESISTENCIAS DESCONGELACION DE VIDRIO CON BASE PARA NEV. GERENAL ELECTRIC PROFILE 10053 ,"10,50","7,35","17,85"
RESISTENCIAS DESCONGELACION DE VIDRIO CON BASE PARA NEV. GENERAL ELECTRIC PROFILE 10055 ,"13,50","9,45","22,95"
RESISTENCIAS DESCONGELACION DE VIDRIO CON BASE  WR51*442,"7,53","5,27","12,80"
RESISTENCIAS DESCONGELACION DE VIDRIO CON BASE  WR51*10101 ,"7,53","5,27","12,80"
RESISTENCIAS DESCONGELACION DE VIDRIO CON BASE  WR51*443,"7,53","5,27","12,80"
RETARDADOR ,,,
"RETARDADOR  18 A 240 VAC  1,5 AMP 0,03 A 10 MINUTOS EVERWELL DOM 068","3,50","2,45","5,95"
SENSORES,,,
SENSOR  AMRILLO/AZUL/BLANCO /NEGRO,"3,50","2,45","5,95"
SENSOR  NEV ELECTROLUX   TR-61364C,"2,00","1,40","3,40"
SENSOR 3 CABLES CON FUSIBLE,"3,70","2,59","6,29"
SENSOR CON FUSIBLE,"3,00","2,10","5,10"
SENSOR DE AMBIENTE Y TEMP AIRE ACONDICONADO 5 OHM/ 8 OHM / 15 OHM / 20 OHM,"1,80","1,26","3,06"
SENSOR DE AMBIENTE Y TEMP AIRE ACONDICONADO SAMSUNG B25/50-0291,"1,80","1,26","3,06"
SENSOR DE AMBIENTE Y TEMP AIRE ACONDICONADO LG TWIN-L,"1,80","1,26","3,06"
SENSOR DE AMBIENTE Y TEMP AIRE ACONDICONADO HAIER /MIDEA/CHIGO TWIN-VOL,"1,80","1,26","3,06"
STAR KITS,,,
STAR KIT   NEVERA  1/4  1/3,"5,23","3,66","8,89"
STAR KIT A/A  300%,"3,86","2,70","6,56"
STAR KIT A/A  500%,"3,86","2,70","6,56"
SUPERVISORES ELECTRICOS,,,
SUPERVISOR TRIFASICO  220VAC USTD 220  CABLE CABLE PROTEKTOR,"15,50","10,85","26,35"
SWITCH,,,
SWITCH DE 7 VELOCIDADES PARA  AIRE ACONDICIONADO,"2,00","1,40","3,40"
SWITCH DE NEVERA  PEQUE헲  Y GRANDE,"1,00","0,70","1,70"
TARJETAS,,,
TARJETA UNIVERSAL A/A CON C/REMOTO  S/DISPLAY MCRC-001 EVERWELL,"12,45","8,72","21,17"
TARJETA UNIVERSAL A/A  CON DISPLAY QDU-10A  EVERWELL ,"22,00","15,40","37,40"
TERMICOS,,,
TERMICOS PTC PARA NEVERA  GALLETICA,"0,96","0,67","1,63"
TERMICOS UNIVERSAL  PARA NEVERA  KLIXON,"0,96","0,67","1,63"
"TERMICOS UNIVERSAL PARA A/ACONDICIONADO 8000,  9000,  10000, 12000,18000,24000 BTU 110V - 220V","0,96","0,67","1,63"
TERMINALES,,,
TERMINALES AMARILLOS Y AZUL   X 100,"5,00","3,50","8,50"
TERMINALES AMARILLO POR UNIDAD,"0,05","0,04","0,09"
TERMOMETRO,,,
TERMOMETRO DIGITAL PEQUE헲 EVERWELL,"2,80","1,96","4,76"
"TERMOMETRO RF60  -40  TO 20C  CAPILAR 1,20 MTS","8,47","5,93","14,40"
TERMOMETRO PARA CAVA  DIGITAL 4060  RTF   -50C  + 200C  AR COMPONENTS,"9,00","6,30","15,30"
TERMOMETRO PARA CAVA  DIGITAL  MULTIUSO  RTM-D,"4,00","2,80","6,80"
THERMOSTATOS,,,
THERMOSTATO AMBIENTAL DE LUJO  TH-AC10  EVERWELL,"19,70","13,79","33,49"
THERMOSTATO  A/A 12000 BTU       T004,"3,00","2,10","5,10"
THERMOSTATO  A/A 18000 BTU       T008,"3,00","2,10","5,10"
THERMOSTATO  A/A 24000 BTU   A30-A1884,"3,00","2,10","5,10"
THERMOSTATO  CAVA -30+30,"4,50","3,15","7,65"
"THERMOSTATO  NEVERA 1117   CONGELCION  -32C   CAPILAR 1,20 MTS","3,00","2,10","5,10"
"THERMOSTATO  NEVERA 1125   CONGELCION  -18C   CAPILAR  1,20 MTS","3,00","2,10","5,10"
"THERMOSTATO  NEVERA 1126   CONGELCION  -24C  CAPILAR 1,20 MTS","3,00","2,10","5,10"
"THERMOSTATO  NEVERA 1127  CONSERVACION  1,5 C  CAPILAR  1,20 MTS","3,00","2,10","5,10"
THERMOSTATO  NEVERA 1133  CONGELACION  -18C  CAPILAR  1MTS,"3,00","2,10","5,10"
THERMOSTATO  NEVERA NEVERA MABE P002,"3,00","2,10","5,10"
THERMOSTATO  NEVERA WPF-27A  110VAC,"3,00","2,10","5,10"
THERMOSTATO A/A DIGITAL HONYWELL,"19,00","13,30","32,30"
THERMOSTATO AMBIENTAL DE PARED 24V  RT-107  3 VELOVIDADES EVERWELL,"7,00","4,90","11,90"
THERMOSTATO PARA SALOM DE 24 VAC  TH 57,"6,00","4,20","10,20"
TRANSFORMADORES,,,
TRANSFORMADOR  ENFORCER,"6,00","4,20","10,20"
TRANSFORMADOR  24V - 220V AC  EDISSON,"8,80","6,16","14,96"
TRANSFORMADOR 40VA  IN 120/240V  OUT 24 VAC  EVERWELL,"6,75","4,73","11,48"
TRANSFORMADOR 50VA   IN 120/240V OUT 24 VAC   EVERWELL,"6,79","4,75","11,54"
"TRANSFORMADOR MINI SPLIT 220V 50/60 HZ 13,5V ,25AMP","3,33","2,33","5,66"
"TUBERIA DE COBRE FLEXIBLE  X ROLLO DE 15,25  MTS",,"0,50",V/U  
"TUBERIA DE COBRE FLEXIBLE DE 1/8""    X  ROLLO DE 15,24 MTS","16,75","8,38","25,13"
"TUBERIA DE COBRE FLEXIBLE DE 3/16""  X  ROLLO DE 15,24 MTS","16,50","8,25","24,75"
"TUBERIA DE COBRE FLEXIBLE DE 1/4""    X   ROLLO DE 15,24 MTS","23,00","11,50","34,50"
"TUBERIA DE COBRE FLEFIBLE DE 5/16""  X  ROLLO DE 15,24 MTS","28,10","14,05","42,15"
"TUBERIA DE COBRE FLEXIBLE DE 3/8""   X  ROLLO DE 15,24  MTS","38,00","19,00","57,00"
"TUBERIA DE COBRE FLEXIBLE DE 1/2""   X  ROLLO DE 15,24 MTS","51,00","25,50","76,50"
"TUBERIA DE COBRE FLEXIBLE DE 5/ 8""  X  ROLLO DE 15,24 MTS","70,00","35,00","105,00"
"TUBERIA DE COBRE FLEXIBLE DE 3/4""   X  ROLLO DE 15,24 MTS","87,00","43,50","130,50"
"TUBERIA DE COBRE FLEXIBLE DE 7/8""   X  ROLLO DE 15,24 MTS","130,00","65,00","195,00"
"TUBERIA DE COBRE FLEXIBLE DE  1""      X ROLLO DE 15,24  MTS","140,00","70,00","210,00"
TUBERIA DE COBRE FLEXIBLE  X METRO  /15,,"0,60",V/U  
"TUBERIA DE COBRE FLEXIBLE DE 1/8""    X MTS","1,12","0,67","1,79"
"TUBERIA DE COBRE FLEXIBLE DE 3/16""  X MTS","1,10","0,66","1,76"
"TUBERIA DE COBRE FLEXIBLE DE 1/4""   X MTS","1,53","0,92","2,45"
"TUBERIA DE COBRE FLEFIBLE DE 5/16"" X MTS","1,87","1,12","3,00"
"TUBERIA DE COBRE FLEXIBLE DE 3/8""   X MTS","2,53","1,52","4,05"
"TUBERIA DE COBRE FLEXIBLE DE 1/2""   X MTS","3,40","2,04","5,44"
"TUBERIA DE COBRE FLEXIBLE DE 5/ 8""  X MTS","4,67","2,80","7,47"
"TUBERIA DE COBRE FLEXIBLE DE 3/4""  X MTS","5,80","3,48","9,28"
"TUBERIA DE COBRE FLEXIBLE DE 7/8""  X MTS","8,67","5,20","13,87"
"TUBERIA DE COBRE FLEXIBLE DE  1""    X MTS","9,33","5,60","14,93"
TUBERIA DE COBRE  RIGIDA X 6 MTS,,,
TUBERIA DE COBRE RIGIDA DE 1/4 INT * 3/8 EXTERNA,"2,44","1,71","4,15"
TUBERIA DE COBRE RIGIDA DE 5/8 INT * 3/4 EXTERNA,"6,60","4,62","11,22"
TUBERIA DE COBRE RIGIDA DE 3/4 INT * 7/8 EXTERNA,"8,29","5,80","14,09"
"TUBERIA DE COBRE RIGIDA DE 1 "" INT * 1- 1/8 EXTERNA","11,93","8,35","20,28"
TUBERIA DE PLASTICO FLEXIBLE  X  MTS,,,
"TUBERIA PLASTCA  DE 5/8""","3,60","2,52","6,12"
"TUBERIA PLASTICA  DE 3/8""","1,82","1,27","3,09"
"TUBERIA PLASTICA DE 1/2""","2,07","1,45","3,52"
TURBINA DE UNIDAD EVAPORADORA A/A,,,
"TURBINA A/A  SPLIT BUJE EXTERNO 093 X 633    71,50 CM LARGO","25,00","17,50","42,50"
"TURBINA A/A  SPLIT BUJE EXTERNO 098 X 715    63,30 CM LARGO","20,00","14,00","34,00"
UNIDAD CONDENSADORA CUBIGEL ,,,
UNIDAD CONDENSADORA  CMPT14LD3N   1/2  HP  (2535 BTU)  R404A  115V  60HZ CSR LBP,"247,00","176,36","423,36"
VALVULAS DE DESCARGA,,,
VALVULA  DE DESCARGA REFRIGERANTE DE LATA 1 KL,"2,09","1,46","3,55"
VALVULA  DE DESCARGA REFRIGERANTE DE LATA R12 Y R134A LCT-339,"2,04","1,43","3,47"
VALVULAS DE CARGA DE 2 Y 3  VIAS PARA UNIDAD EXTERNA ,,,
"VALVULA DE CARGA  3 VIAS   PARA UNIDAD EXTERNA A/A    1/2""","4,50","3,15","7,65"
"VALVULA DE CARGA  2 VIAS   PARA UNIDAD EXTERNA A/A    1/4""","3,50","2,45","5,95"
"VALVULA DE CARGA  3 VIAS    PARA UNIDAD EXTERNA A/A   5/8""","6,00","4,20","10,20"
"VALVULA DE CARGA  2 VIAS    PARA UNIDAD EXTERNA A/A   3/8""","3,80","2,66","6,46"
VALVULAS DE EXPANSION MARCA  EVERWELL,,,
VALVULA DE EXP/ EQU EXTERNO  1/4 X 1/2  R22 EVERWELL,"18,00","12,60","30,60"
VALVULA DE EXP/  EQU  INTERNO  1/4 X 1/2 R22 EVERWELL,"18,00","12,60","30,60"
VALVULAS DE EXPANSION MARCA  DANFOSS,,,
VALVULA DE EXP  TX2  EQU EXTERNO  3/8 X 1/2  R22  ,"36,71","25,70","62,41"
VALVULA DE EXP TX2  EQU  INTERNO  3/8 X 1/2 R22  068Z3206,"36,71","25,70","62,41"
VALVULA DE EXP TN2  EQU INTERNO  3/8  X 1/2  R134  068Z3346,"35,00","24,50","59,50"
VALVULA DE EXP TN2 EQU  EXTERNO  3/8 X 1/2 R134  068Z3348,"35,00","24,50","59,50"
VALVULA DE EXP TS2 EQU  INTERNO  3/8 X 1/2 R404A  068Z3400,"35,00","24,50","59,50"
VALVULA DE EXP TS2 EQU  INTERNO  3/8 X 1/2 R404A  068Z3400,"35,00","24,50","59,50"
VALVULAS DE EXPANSION MARCA  KIELMANN,,,
VALVULA DE EXP/ EQU EXTERNO  3/8 X 1/2  R22  KIELMANN,"34,43","24,10","58,53"
VALVULA DE EXP/  EQU  INTERNO  3/8 X 1/2 R22  KIELMANN,"36,74","25,72","62,46"
VALVULA DE EXP/ EQU EXTERNO  3/8  X 1/2  R134 KIELMANN,"34,43","24,10","58,53"
VALVULA DE EXP/  EQU  INTERNO  3/8 X 1/2 R134  KIELMANN,"36,74","25,72","62,46"
VALVULAS DE PASO DE BOLA,,,
VALVULA DE PASO DE BOLA  1/4 /  3/8 /  1/2 / 5/8,"10,00","7,00","17,00"
VALVULAS DE SERVICIO/PINCHAS/RESTRICTORAS,,,
VALVULA DE SERVICIO,"0,60","0,42","1,02"
VALVULA PINCHAR,"1,89","1,32","3,21"
VALVULA PINCHAR  LATA  ,"1,89","1,32","3,21"
VALVULA RESTRICTORA HASTA 36000 BTU,"0,89","0,62","1,51"
VALVULA SOLENOIDE,,,
VALVULAS SELENOIDES 1/4         115V      EVERWELL,"15,00","10,50","25,50"
VALVULAS SELENOIDES 1/4         115V      QUALITY,"15,00","10,50","25,50"
VALVULAS SELENOIDES 1/4    208/230V     EVERWELL,"20,00","14,00","34,00"
VALVULAS SELENOIDES 1/4    208/230V     QUALITY,"20,00","14,00","34,00"
VALVULAS SELENOIDES 3/8         115V      EVERWELL,"15,00","10,50","25,50"
VALVULAS SELENOIDES 3/8         115V      QUALITY,"15,00","10,50","25,50"
VALVULAS SELENOIDES 3/8         115V      CASTEL  ITALIANA,"20,00","14,00","34,00"
VALVULAS SELENOIDES 3/8    208/230V     EVERWELL,"20,00","14,00","34,00"
VALVULAS SELENOIDES 3/8    208/230V     QUALITY,"20,00","14,00","34,00"
VALVULAS SELENOIDES 1/2         115V      EVERWELL,"15,00","10,50","25,50"
VALVULAS SELENOIDES 1/2         115V      QUALITY,"15,00","10,50","25,50"
VALVULAS SELENOIDES 1/2    208/230V     EVERWELL,"20,00","14,00","34,00"
VALVULAS SELENOIDES 1/2    208/230V     QUALITY,"20,00","14,00","34,00"
VALVULAS SELENOIDES 1/2         115V      CASTEL  ITALIANA,"22,00","15,40","37,40"
VALVULAS SELENOIDES 5/8         115V      EVERWELL,"15,00","10,50","25,50"
VALVULAS SELENOIDES 5/8         115V      QUALITY,"15,00","10,50","25,50"
VALVULAS SELENOIDES 5/8    208/230V     EVERWELL,"20,00","14,00","34,00"
VALVULAS SELENOIDES 5/8    208/230V     QUALITY,"20,00","14,00","34,00"
VALVULA PASO DE AGUA,,,
VALVULA ENTRADA DE AGUA  XJD-160,"6,00","4,20","10,20"
VARILLAS DE PLATA,,,
VARILLA DE PLATA AL 0%,"0,60","0,42","1,02"
VARILLA DE PLATA AL 2%,"0,97","0,68","1,65"
VARILLA DE PLATA AL 5%,"1,80","1,26","3,06"
VARILLA DE PLATA AL 15%,"1,65","1,16","2,81"
VARILLA DE BRONCE CON FUNDENTE,"3,00","2,10","5,10"
VISOR DE LIQUIDO AR COMPONENTS ,,,
VISOR DE LIQUIDO  ROSCABLE  DE 1/4,"4,00","2,80","6,80"
VISOR DE LIQUIDO  ROSCABLE  DE 1/2,"5,00","3,50","8,50"
VISOR DE LIQUIDO  ROSCABLE  DE 5/8,"6,00","4,20","10,20"
VENTILADORES  ,,,
VENTILADOR AXIAL 110V 1PH 60 HZ 350MM   1625RPM   FM3 - 45350-1 ,"41,30","28,91","70,21"
VENTILADOR AXIAL 230V  60 HZ   1625RPM   YWF4E350  RF27B03DY  ,"41,70","29,19","70,89"
"VENTILADOE EXTRACTOR  FAN  10"" CON MOTOR 18WATT","24,12","16,88","41,00"
"VENTILADOE AXIAL  120 X 120 X 300  4""   110VAC","12,00","8,40","20,40"
"VENTILADOE AXIAL  XD22060AC   8""   220VAC  0.38AMP","18,00","12,60","30,60"
,,,
 ,,,
